date,AAPL,AMZN,BTC-USD,ETH-USD,GLD,GOOGL,IEF,JNJ,JPM,LQD,MSFT,NVDA,TLT,XLE,XLF,XLK,XLV,XOM
2020-02-28,0.002139888470992446,-0.0054915063083171844,-0.012266101315617561,0.03939507529139519,0.005186539608985186,0.02026291936635971,0.0015992828411981463,-0.009441121481359005,-0.009774424135684967,0.00966098252683878,-0.01572522521018982,0.009499152190983295,0.0014899446396157146,0.03064017742872238,0.008431107737123966,0.017549946904182434,0.0119878388941288,0.04765982925891876
2020-03-31,-0.10250803828239441,0.0071700941771268845,-0.10123264044523239,-0.10868889093399048,-0.010497468523681164,-0.05161247029900551,-0.005440654698759317,-0.03171354532241821,-0.07975449413061142,0.002321212086826563,-0.12682411074638367,-0.07148279249668121,-0.0008551529608666897,-0.10554966330528259,-0.10992257297039032,-0.10341775417327881,-0.05720452219247818,-0.11628803610801697
2020-04-30,0.004994665738195181,0.013764061965048313,-0.08516738563776016,-0.011995574459433556,0.03206468001008034,0.018628716468811035,0.013431083410978317,0.02715836837887764,0.01621178910136223,0.03206468001008034,0.015273815020918846,0.0044359783641994,0.03796921670436859,0.12703008949756622,0.030004678294062614,0.015273815020918846,0.02715836837887764,0.08759039640426636
2020-05-29,0.04272357374429703,0.02244701236486435,0.001993723213672638,0.034806594252586365,0.02185872197151184,0.04272357374429703,0.0164592657238245,0.04206041991710663,0.02652263268828392,0.02842026948928833,0.03619038313627243,0.02706877700984478,0.03443979099392891,0.03740512952208519,0.025989413261413574,0.04272357374429703,0.04082225635647774,0.03442520648241043
2020-06-30,0.32551589608192444,0.31726545095443726,0.07042820751667023,0.1372816264629364,0.01570882648229599,0.04189256578683853,0.0147724449634552,0.03293641656637192,0.035279735922813416,0.0147724449634552,0.04942219704389572,0.3256901800632477,0.01570882648229599,0.06834910809993744,0.0378759428858757,0.050755515694618225,0.04189256578683853,0.06822763383388519
2020-07-31,0.18294383585453033,0.12664316594600677,-0.02154988795518875,0.14648284018039703,0.01640913262963295,0.023558728396892548,0.0029385066591203213,0.0074463048949837685,0.019281547516584396,0.0029385066591203213,0.11598065495491028,0.3427034020423889,0.006063265260308981,0.07580944895744324,0.0345987007021904,0.030517147853970528,0.004254491999745369,0.09387175738811493
2020-08-31,0.18676383793354034,0.17418350279331207,0.003065090626478195,0.1979406476020813,0.0057692984119057655,0.015213431790471077,0.0029684212058782578,0.0018284667748957872,0.02650502696633339,0.002812763676047325,0.033345021307468414,0.2238154113292694,0.004417004995048046,0.019108977168798447,0.025520730763673782,0.005485007539391518,0.002812763676047325,0.01065968070179224
2020-09-30,0.06560647487640381,0.03599047288298607,0.046803563833236694,0.05696067214012146,0.01288742944598198,0.03247658535838127,0.008316868916153908,0.016980472952127457,0.02618749625980854,0.01870136894285679,0.038556698709726334,0.08767068386077881,0.008316868916153908,0.03793242573738098,0.015461853705346584,0.03489096835255623,0.016980472952127457,0.03910946473479271
2020-10-30,-0.028775421902537346,0.0011978893307968974,0.006115145981311798,0.0049599772319197655,-0.005148657131940126,-0.02213412895798683,0.0023758134339004755,-0.056816186755895615,0.023145820945501328,-0.02727455459535122,0.004710583481937647,0.05339550971984863,-0.008162864483892918,0.03566165268421173,-0.027269450947642326,0.0290667824447155,-0.014477891847491264,0.024865930899977684
2020-11-30,0.04878130927681923,0.03994020074605942,-0.007454748265445232,0.15210382640361786,0.015802908688783646,0.03404322266578674,0.010142129845917225,0.010142129845917225,0.03529680520296097,0.009400044567883015,0.03123754821717739,0.0484364852309227,0.009400044567883015,0.04192294925451279,0.03350304067134857,0.03355204313993454,0.009400044567883015,0.042634859681129456
2020-12-31,0.05082271993160248,0.07945729047060013,0.275752991437912,0.1324722319841385,0.031411316245794296,0.07312701642513275,-0.0020714420825242996,-0.010292299091815948,0.030279038473963737,0.012356664054095745,-0.0029975948855280876,0.06896559149026871,0.015776099637150764,0.038493018597364426,-0.006301756948232651,0.016750184819102287,0.019388088956475258,0.09766361117362976
2021-01-29,0.020650185644626617,0.016433214768767357,0.006200206000357866,0.09595852345228195,-0.008076012134552002,0.03313811868429184,-0.005898576695472002,-0.027755092829465866,0.09732027351856232,-0.025821400806307793,-0.010010894387960434,-0.010177918709814548,0.00430507306009531,0.19718877971172333,0.02747206576168537,-0.002621349412947893,0.023730309680104256,0.18217769265174866
2021-02-26,0.02860891819000244,0.010102677159011364,0.33538830280303955,0.2133992612361908,-0.004791339859366417,0.0459568127989769,0.001996290637180209,0.005312164314091206,-0.002700647572055459,0.0011867189314216375,0.018602894619107246,0.03931805118918419,-0.0186908096075058,0.030811697244644165,0.0013670872431248426,0.011712692677974701,-0.007076534442603588,0.23073405027389526
2021-03-31,0.027124419808387756,0.013029162771999836,0.1585025042295456,0.26830440759658813,0.0015093429246917367,0.0392540879547596,0.013328750617802143,0.013536066748201847,0.04007871821522713,0.013328750617802143,0.013029162771999836,0.03331868723034859,0.0026581226848065853,0.059838395565748215,0.020626574754714966,0.013029162771999836,0.013012106530368328,0.12705926597118378
2021-04-30,0.02424835041165352,-0.00147521635517478,0.41811490058898926,0.33585551381111145,0.00152301462367177,0.02937902696430683,0.00152301462367177,0.00152301462367177,0.01842016540467739,0.00152301462367177,0.0018625527154654264,0.02889704518020153,-0.001531951711513102,0.048414696007966995,0.009818284772336483,0.010309653356671333,0.0010747460182756186,0.05463138595223427
2021-05-28,0.012469285167753696,-0.003155510174110532,0.07616759836673737,0.08536409586668015,-0.01137132290750742,-0.0036548099014908075,-0.007938527502119541,-0.007938527502119541,-0.00012033199891448021,-0.007938527502119541,-0.0037757819518446922,0.01875494047999382,-0.010120022110641003,0.009452352300286293,-0.0036548099014908075,-0.0037757819518446922,-0.0054267290979623795,0.03345324844121933
2021-06-30,0.039343710988759995,0.02132350020110607,0.10389291495084763,0.04665067419409752,0.021379411220550537,0.03527715802192688,0.019019128754734993,0.018859831616282463,0.04003135487437248,0.01816435717046261,0.0405382364988327,0.1255078762769699,0.01816435717046261,0.05670829117298126,0.03386377915740013,0.024090047925710678,0.019214646890759468,0.06784378737211227
2021-07-30,0.019004294648766518,0.020467987284064293,0.14552585780620575,0.09957673400640488,0.018800213932991028,0.020059477537870407,0.018800213932991028,0.018800213932991028,0.025303658097982407,0.018800213932991028,0.017505379393696785,0.02871001698076725,0.016636034473776817,0.039006590843200684,0.020726913586258888,0.016636034473776817,0.016636034473776817,0.039006590843200684
2021-08-31,0.0031424807384610176,0.009808680042624474,0.04575824737548828,0.23233535885810852,0.003952750004827976,0.007596686482429504,0.003952750004827976,0.00433737738057971,0.0059830606915056705,0.003952750004827976,0.0031424807384610176,0.09270426630973816,0.003952750004827976,0.02203412912786007,0.005160246044397354,0.0031424807384610176,0.003952750004827976,0.02203412912786007
2021-09-30,-0.0024590487591922283,-0.004369373433291912,-0.017442958429455757,-0.03971032425761223,0.00039936110260896385,-0.0005287568783387542,-0.0003420445427764207,0.0010000953916460276,0.008249439299106598,-0.0003420445427764207,-0.006459069438278675,0.006175217218697071,0.00039936110260896385,0.00377524271607399,-0.0043265325948596,0.0023096855729818344,0.0023096855729818344,0.011427757330238819
2021-10-29,0.01488005556166172,0.011152394115924835,0.10426867008209229,0.2935236990451813,0.011152394115924835,0.0276498980820179,0.011152394115924835,0.011152394115924835,0.02641928754746914,0.011152394115924835,0.008315295912325382,0.03872932866215706,0.008737470954656601,0.03569401800632477,0.02641928754746914,0.013370980508625507,0.012661468237638474,0.03569401800632477
2021-11-30,0.03240995854139328,0.029605060815811157,0.13678522408008575,0.2697913646697998,0.029605060815811157,0.031492870301008224,0.027184946462512016,0.028590112924575806,0.032458726316690445,0.02738838829100132,0.023531576618552208,0.13721546530723572,0.0264790877699852,0.04528876766562462,0.028261246159672737,0.0264790877699852,0.029605060815811157,0.05709674954414368
2021-12-31,0.015941446647047997,0.017324093729257584,0.12501272559165955,0.07420726120471954,0.01355318445712328,0.015291431918740273,0.014382830820977688,0.012729584239423275,0.02287156507372856,0.014382830820977688,0.021197525784373283,0.08462300151586533,0.01517110038548708,0.01683748885989189,0.014382830820977688,0.014461785554885864,0.01363818533718586,0.01683748885989189
2022-01-31,0.019070200622081757,0.029964709654450417,0.09953658282756805,0.14809735119342804,0.011195292696356773,0.014090456068515778,0.009424755349755287,-0.0017160925781354308,0.002807565266266465,0.010108690708875656,0.023794738575816154,0.08514164388179779,0.0019811696838587523,0.02230699174106121,-5.840452104166616e-06,0.007485952693969011,0.020038403570652008,0.02439776621758938
2022-02-28,0.0318702831864357,0.009523076005280018,0.07393499463796616,0.09299706667661667,0.017662694677710533,0.026985375210642815,0.016843993216753006,0.01646699570119381,0.017856040969491005,0.016527755185961723,0.029483472928404808,0.043245069682598114,0.017295705154538155,0.03503481671214104,0.014848362654447556,0.026187971234321594,0.016527755185961723,0.03191394358873367
2022-03-31,0.051555335521698,0.04638691619038582,0.08733322471380234,0.11050132662057877,0.016797056421637535,0.04346144199371338,0.015346739441156387,0.01477726735174656,0.041270505636930466,0.015346739441156387,0.05894266068935394,0.0750373974442482,0.014957950450479984,0.05560552701354027,0.016319172456860542,0.031091779470443726,0.01477726735174656,0.060910653322935104
2022-04-29,0.0006907876231707633,0.04551906883716583,0.056945256888866425,0.06450632214546204,0.03775963932275772,-0.04696687310934067,0.009850410744547844,0.04129143804311752,0.004492039792239666,0.013454519212245941,-0.0389324314892292,0.0465785413980484,0.0064179073087871075,0.033315420150756836,0.013454519212245941,-0.007578577846288681,0.03775963932275772,0.023817552253603935
2022-05-31,0.005086442455649376,0.022899633273482323,0.04021183401346207,0.13785582780838013,0.008766332641243935,0.01700410060584545,0.007995935156941414,0.007891383953392506,0.018559463322162628,0.007205116096884012,0.013432963751256466,0.03955582156777382,0.008766332641243935,0.018870361149311066,0.007205116096884012,0.016786890104413033,0.007891383953392506,0.024020669981837273
2022-06-30,0.04331611841917038,0.02062968537211418,0.07717572152614594,0.12312661111354828,0.04303417727351189,0.04670201241970062,0.043460190296173096,0.04164706543087959,0.06068834289908409,0.040268369019031525,0.04335130751132965,0.058825500309467316,0.03918429836630821,0.04954574629664421,0.03688247501850128,0.05939745530486107,0.04164706543087959,0.05505652353167534
2022-07-29,0.015686582773923874,0.031689297407865524,0.049540575593709946,-0.00527642946690321,0.009953949600458145,0.013071175664663315,0.011078234761953354,0.011927623301744461,0.018282730132341385,0.011078234761953354,0.011478111147880554,0.016702450811862946,0.008604954928159714,0.01488049142062664,0.01382293738424778,0.017524512484669685,0.011078234761953354,0.008834091946482658
2022-08-31,0.0005080814007669687,-0.0368078351020813,0.034368131309747696,-0.0055388412438333035,-0.0041808742098510265,-0.023175623267889023,-0.006035403814166784,-0.007136132568120956,-0.000650922127533704,-0.0041808742098510265,-0.02604750171303749,-0.056777067482471466,-0.013391335494816303,-0.02600754052400589,-0.013391335494816303,-0.0029040686786174774,-0.005242691375315189,-0.024175725877285004
2022-09-30,-0.044419143348932266,-0.07153292000293732,-0.005613221786916256,0.0170038603246212,-0.04071975126862526,-0.07153292000293732,-0.03819172456860542,-0.03945016488432884,-0.04616228863596916,-0.03739782050251961,-0.05062065273523331,-0.022590674459934235,-0.05485936254262924,-0.02484295889735222,-0.04339784011244774,-0.054552845656871796,-0.03614059463143349,-0.019702740013599396
2022-10-31,-0.006219154689460993,0.04513194039463997,0.06485021114349365,0.1152580976486206,-0.004217708017677069,0.004779398441314697,0.0020952557679265738,0.0023568705655634403,0.01454399898648262,0.0007430104305967689,0.01811588555574417,0.09708624333143234,0.007094913627952337,0.04099283739924431,0.00017491041216999292,0.01887296885251999,0.003048243699595332,0.03907228261232376
2022-11-30,0.01824299432337284,0.027760909870266914,-0.059007372707128525,-0.07260630279779434,0.017030363902449608,0.01542594376951456,0.015661198645830154,0.01498611830174923,0.04530083388090134,0.015124748460948467,0.014934769831597805,0.06258265674114227,0.01630108244717121,0.02637266367673874,0.02133277989923954,0.020611297339200974,0.013485515490174294,0.019522124901413918
2022-12-30,0.004684896674007177,0.09351520985364914,-0.019888080656528473,0.020584333688020706,-0.009878719225525856,0.007402445655316114,0.0020915172062814236,0.00722670229151845,0.014544854871928692,0.0023205368779599667,0.017737580463290215,0.05628601089119911,0.011798730120062828,0.0016773761017248034,-0.007314444985240698,0.017679259181022644,0.0035013165324926376,0.004467301536351442
2023-01-31,-0.0031426027417182922,0.0273236483335495,0.06257808208465576,0.058310143649578094,-0.004068664275109768,0.009803972207009792,-0.0036659056786447763,-0.002916606143116951,-0.0002386603009654209,-0.0036659056786447763,0.0027440758422017097,0.11063848435878754,0.004575592931360006,0.016638733446598053,-0.008882056921720505,0.0026987912133336067,-0.007710314821451902,0.013387213461101055
2023-02-28,-0.0024421249981969595,0.03134596720337868,0.16285143792629242,0.15564587712287903,0.009639935567975044,0.005734587088227272,-0.0006239545182324946,0.007076859474182129,0.002492278814315796,0.004343279637396336,-0.0011594544630497694,0.020892225205898285,0.011394025757908821,-0.01237092912197113,-0.0017778913024812937,0.0071682617999613285,-0.002197367139160633,0.04793253168463707
2023-03-31,-0.024828847497701645,-0.02520252950489521,0.2345678210258484,0.03494073450565338,-0.01781092770397663,-0.03297978639602661,-0.02651922032237053,-0.0402420349419117,0.004035362042486668,-0.026645075529813766,-0.0002454938367009163,-0.02419288270175457,-0.019069284200668335,-0.021134059876203537,-0.02972455509006977,-0.017618685960769653,-0.02616218291223049,-0.01650390960276127
2023-04-28,0.014888910576701164,0.015384520404040813,-0.019860876724123955,0.03058585338294506,0.015858575701713562,0.016685251146554947,0.008263783529400826,0.0058311098255217075,0.017462797462940216,0.008948791772127151,0.033177636563777924,0.012354019097983837,0.014981449581682682,0.020927999168634415,0.008263783529400826,0.008390451781451702,0.007720611058175564,0.014143623411655426
2023-05-31,0.04090443626046181,0.047881826758384705,0.12531474232673645,0.10245195031166077,0.023991690948605537,0.07683031260967255,0.020766863599419594,0.02302038110792637,0.05175036936998367,0.018712839111685753,0.07064240425825119,0.2860340476036072,0.04407959431409836,0.03621992468833923,0.0201068464666605,0.0414944589138031,0.022360360249876976,0.035045523196458817
2023-06-30,0.036462217569351196,0.0434926301240921,0.04891643673181534,0.034176211804151535,0.010531025938689709,0.031417716294527054,0.010531025938689709,0.008101444691419601,0.020610176026821136,0.008101444691419601,0.032526370137929916,0.17260077595710754,0.020610176026821136,0.008101444691419601,0.008101444691419601,0.02549596130847931,0.008101444691419601,0.008101444691419601
2023-07-31,0.021576978266239166,0.03418133035302162,-0.011634447611868382,0.016347143799066544,0.012728613801300526,0.08887824416160583,0.014893125742673874,0.008576681837439537,0.021787459030747414,0.009163321927189827,0.037051454186439514,0.16594238579273224,0.02115287072956562,0.014931116253137589,0.009887379594147205,0.019370196387171745,0.01051588635891676,0.013884151354432106
2023-08-31,0.005824109073728323,0.004466388840228319,0.05523418262600899,0.041381943970918655,-0.004073385614901781,0.014520359225571156,-0.003416149178519845,0.00488541042432189,0.027848679572343826,-0.004073385614901781,0.0015651689609512687,0.01290851179510355,-0.00020865876285824925,-0.004988342057913542,-0.002593160141259432,-0.006436418276280165,-0.001758736907504499,-0.005465726833790541
2023-09-29,0.04478253424167633,0.05570273473858833,0.03463662043213844,-0.03429551050066948,0.027609441429376602,0.040510788559913635,0.020444616675376892,0.026255132630467415,0.052778586745262146,0.024569567292928696,0.051209717988967896,0.11477948725223541,0.040806643664836884,0.016161805018782616,0.021532993763685226,0.05127818509936333,0.02017868496477604,0.01603187620639801
2023-10-31,0.03887735679745674,0.0625213086605072,0.0845721960067749,0.06281959265470505,0.027567759156227112,0.07090871781110764,0.027711424976587296,0.03003198280930519,0.03052028827369213,0.027711424976587296,0.06131642684340477,0.08044438809156418,0.05412359535694122,0.028123285621404648,0.028533095493912697,0.039430271834135056,0.03003198280930519,0.029278622940182686
2023-11-30,-0.0030373188201338053,-0.002483416348695755,-0.05303412303328514,-0.006394851021468639,-0.008909890428185463,0.005749668926000595,-0.012822947464883327,-0.013700222596526146,-0.009331238456070423,-0.010599399916827679,-0.004310776479542255,-0.0001918284106068313,-0.005182569846510887,-0.0020161978900432587,-0.010354903526604176,-0.004776264540851116,-0.01267253328114748,-0.0014098816318437457
2023-12-29,0.03719513863325119,0.028185172006487846,0.014701622538268566,0.04355042800307274,0.011808648705482483,0.03155747428536415,0.008464226499199867,0.009281433187425137,0.012018795125186443,0.009674460627138615,0.0265837199985981,0.017699146643280983,0.013555590994656086,0.012614757753908634,0.009747534990310669,0.020118853077292442,0.008464226499199867,0.014235912822186947
2024-01-31,0.024162154644727707,0.0352633036673069,0.05865345522761345,0.013687721453607082,0.010110463947057724,0.035619378089904785,0.009673550724983215,0.01204780861735344,0.012317969463765621,0.01131334900856018,0.020881609991192818,0.16400611400604248,0.012026382610201836,0.009196624159812927,0.013017344288527966,0.02081024833023548,0.01366095058619976,0.00901673175394535
2024-02-29,0.02249019220471382,0.029141869395971298,0.09931294620037079,0.11286843568086624,0.014505177736282349,0.06106019765138626,0.01161156315356493,0.010080493055284023,0.013996855355799198,0.012870601378381252,0.027092212811112404,0.11945070326328278,0.015746187418699265,0.010589762590825558,0.01592240482568741,0.01761767640709877,0.01279686950147152,0.012842039577662945
2024-03-28,0.008542858995497227,0.018443863838911057,0.05586386099457741,0.019013596698641777,0.008650248870253563,0.021097533404827118,0.007264803163707256,0.007264803163707256,0.017432687804102898,0.008650248870253563,0.01566692255437374,0.053970564156770706,0.007264803163707256,0.008650248870253563,0.008650248870253563,0.012613228522241116,0.008650248870253563,0.009783567860722542
2024-04-30,-0.03163935989141464,0.03314017876982689,0.0821019634604454,0.17114832997322083,0.007712893653661013,-0.04359540715813637,-0.01490841619670391,-0.01824985444545746,-0.03440113365650177,-0.01491029653698206,0.002836566884070635,-0.034614015370607376,-0.010461388155817986,-0.031215444207191467,-0.031017495319247246,-0.021635066717863083,-0.01871482841670513,-0.013654578477144241
2024-05-31,-0.009698623791337013,0.019442379474639893,0.0022290879860520363,0.014632012695074081,-9.70729161053896e-07,0.013131002895534039,-0.009145800024271011,-0.004487141035497189,-0.004536747001111507,-0.009145800024271011,-0.002463879995048046,0.04322681948542595,-0.0073120975866913795,-0.005486053414642811,-0.0072211166843771935,-0.0072211166843771935,-0.00694812647998333,-0.007278484292328358
2024-06-28,0.03930606320500374,0.010535572655498981,-0.028811650350689888,0.031709425151348114,0.013503937982022762,0.016507184132933617,0.020920589566230774,0.01327472273260355,0.016058024019002914,0.0153688108548522,0.014393681660294533,0.014119249768555164,0.02589905448257923,0.00858629122376442,0.012039002031087875,0.017272932454943657,0.009970936924219131,0.013562866486608982
2024-07-31,0.03689024969935417,0.03534833714365959,0.008916045539081097,0.06894812732934952,0.021708356216549873,0.005594892427325249,0.015278433449566364,0.019855646416544914,0.017043063417077065,0.013349995948374271,0.019584747031331062,0.010745788924396038,0.02062872238457203,0.017636051401495934,0.011262647807598114,0.01227785274386406,0.014077827334403992,0.02424108237028122
2024-08-30,0.031780898571014404,0.029248951002955437,-0.02772163599729538,0.007307177409529686,0.018519271165132523,0.021580787375569344,0.006646895781159401,0.004895103629678488,0.04196541756391525,0.005640292540192604,0.019794633612036705,0.028546128422021866,0.04382781311869621,0.027024170383810997,0.03626815602183342,0.018013970926404,0.010476129129529,0.02775774709880352
2024-09-30,0.01851307787001133,0.028507977724075317,0.05349232256412506,0.06025954708456993,0.017254596576094627,0.040219277143478394,0.014482983388006687,0.015798790380358696,0.019114935770630836,0.015510505996644497,0.01772257313132286,0.04534554481506348,0.01896391436457634,0.014654603786766529,0.019721440970897675,0.025277702137827873,0.015274323523044586,0.015959259122610092
2024-10-31,0.017138900235295296,0.0553894080221653,0.056450288742780685,0.07653559744358063,0.02293582260608673,0.02415582537651062,0.026040779426693916,0.01807877980172634,0.02442709170281887,0.02963140420615673,0.01970999501645565,0.125480517745018,0.016932372003793716,0.0279252752661705,0.023575473576784134,0.026482243090867996,0.036609962582588196,0.03736541047692299
2024-11-29,-0.0012298125075176358,0.016906041651964188,0.05156506597995758,0.03437497839331627,0.00772101990878582,0.005710290744900703,0.005491799674928188,0.0078073833137750626,0.024850990623235703,0.006346350070089102,0.003721218556165695,0.04461692273616791,0.005491799674928188,0.005765318870544434,0.01057914923876524,0.006426989566534758,0.0065433369018137455,0.009593037888407707
2024-12-31,0.0050275386311113834,0.03227140009403229,0.13525329530239105,0.1354432851076126,0.012333289720118046,0.03244546055793762,0.010806204751133919,0.013835478574037552,0.04336296021938324,0.010806204751133919,0.004764890298247337,0.08342933654785156,0.013835478574037552,0.021241778507828712,0.013626597821712494,0.01581435091793537,0.014428014867007732,0.02043001912534237
2025-01-31,0.01842917874455452,0.05332066863775253,0.06789557635784149,0.1468086838722229,0.014925981871783733,0.029936617240309715,0.0032646881882101297,0.008012304082512856,0.04990186542272568,0.002742808312177658,0.02532830275595188,0.02158849500119686,0.013330359011888504,0.028331363573670387,0.01722082681953907,0.011221416294574738,0.01247732900083065,0.01884770579636097
2025-02-28,0.0073630656115710735,0.020350420847535133,-0.047192640602588654,-0.048975907266139984,0.012754342518746853,0.020813431590795517,0.00514895748347044,0.0011534026125445962,0.018506234511733055,0.00514895748347044,0.011626697145402431,0.04113864153623581,0.004514207132160664,0.00514895748347044,0.002792124869301915,0.010379175655543804,0.002035928890109062,0.0035299111623317003
2025-03-31,0.017696641385555267,0.013276373967528343,0.03722986951470375,0.02056405134499073,0.00914869923144579,0.013276373967528343,0.00521421292796731,0.007727928925305605,0.009144892916083336,0.00521421292796731,0.006384923588484526,0.019771814346313477,0.00521421292796731,0.00521421292796731,0.00521421292796731,0.012994624674320221,0.00521421292796731,0.00521421292796731
2025-04-30,-0.010649912059307098,0.017726287245750427,0.05588456988334656,0.03219561278820038,0.0024274298921227455,0.006522272247821093,0.0016537237679585814,0.0038031134754419327,0.009590375237166882,0.0016537237679585814,-0.0015965700149536133,0.004836549516767263,0.0016537237679585814,0.004705605562776327,0.004698123317211866,0.004590234719216824,0.0016537237679585814,0.00684751383960247
2025-05-30,0.02482953481376171,0.027010515332221985,0.02725488692522049,0.03931102156639099,0.017663735896348953,0.017290834337472916,0.009044449776411057,0.009044449776411057,0.017290834337472916,0.009044449776411057,0.017290834337472916,0.027255721390247345,0.009538020007312298,0.017784403637051582,0.017290834337472916,0.02278086543083191,0.009538020007312298,0.017784403637051582
2025-06-30,0.015328917652368546,0.017930710688233376,0.07034631818532944,0.040793176740407944,0.015222272835671902,0.015789270401000977,0.008767449297010899,0.008908635005354881,0.020601050928235054,0.008767449297010899,0.05809280276298523,0.058155905455350876,0.008767449297010899,0.017368258908391,0.016072850674390793,0.015789270401000977,0.008767449297010899,0.018191788345575333
2025-07-31,0.008989157155156136,0.02455018274486065,-0.01883406937122345,0.09833308309316635,0.006257196422666311,0.015339327044785023,0.006257196422666311,0.008935930207371712,0.006925183814018965,0.006257196422666311,0.035175226628780365,0.08167287707328796,0.006257196422666311,0.006257196422666311,0.006257196422666311,0.01955433189868927,0.006257196422666311,0.006257196422666311
2025-08-29,0.014078371226787567,0.015549208037555218,-0.02542039379477501,0.01450133416801691,0.01011450681835413,0.010177933610975742,0.01011450681835413,0.011029448360204697,0.011607653461396694,0.01011450681835413,0.011503685265779495,0.016940603032708168,0.010925480164587498,0.010692711919546127,0.01011450681835413,0.011607653461396694,0.01011450681835413,0.010692711919546127
2025-09-30,0.019359217956662178,0.027187027037143707,-0.019457602873444557,0.05909371003508568,0.011922859586775303,0.047980599105358124,0.00820860918611288,0.010435156524181366,0.013851756229996681,0.00820860918611288,0.008326683193445206,0.045036252588033676,0.008746289648115635,0.008797401562333107,0.00820860918611288,0.0072968523018062115,0.008746289648115635,0.010370456613600254
2025-10-31,0.038410358130931854,0.04608849808573723,0.10777902603149414,0.04773633927106857,-0.020638568326830864,0.0775718092918396,0.015059850178658962,0.01420917920768261,0.01751360297203064,0.015059850178658962,0.017528707161545753,0.07121337205171585,0.015059850178658962,0.013559543527662754,0.014293096028268337,0.01610356941819191,0.012303028255701065,0.013559543527662754
2025-11-28,0.012532803229987621,0.006076975725591183,0.02007031999528408,0.006852117832750082,0.01012920867651701,0.04394156113266945,0.008780946023762226,0.009038067422807217,0.008780946023762226,0.008780946023762226,0.010178658179938793,0.01586989499628544,0.008780946023762226,0.008780946023762226,0.008780946023762226,0.0082406559959054,0.01017723884433508,0.008780946023762226
2025-12-31,0.02537834644317627,0.017996879294514656,0.03912244364619255,0.038298916071653366,0.015684114769101143,0.03990544378757477,0.013357017189264297,0.015684114769101143,0.018251940608024597,0.013357017189264297,0.013357017189264297,0.023416783660650253,0.013357017189264297,0.013357017189264297,0.013357017189264297,0.018251940608024597,0.013357017189264297,0.013357017189264297
2026-01-30,0.020170535892248154,0.034972913563251495,-0.03431226685643196,-0.025028619915246964,0.023571599274873734,0.029470207169651985,0.01307579968124628,0.014414532110095024,0.015303215011954308,0.01307579968124628,0.02833910845220089,0.04258110746741295,0.01307579968124628,0.015167497098445892,0.013010576367378235,0.014702145010232925,0.014300987124443054,0.024477152153849602
2026-02-27,0.00780854607000947,0.01845174841582775,0.032395053654909134,0.060162629932165146,0.022158443927764893,0.010158438235521317,0.004930819384753704,0.012418579310178757,0.014503702521324158,0.004930819384753704,0.015041942708194256,0.020427832379937172,0.004930819384753704,0.015501963905990124,0.006290541961789131,0.006290541961789131,0.004930819384753704,0.04382719472050667
2026-03-31,0.017708169296383858,0.045045655220746994,-0.0476861335337162,-0.002899847226217389,0.05716932937502861,0.03084147907793522,0.009731904603540897,0.0244496650993824,0.01218559592962265,0.009731904603540897,0.02833179198205471,0.06632212549448013,0.009731904603540897,0.06404603272676468,0.01121688075363636,0.015393800102174282,0.01121688075363636,0.09662672132253647
2026-04-30,0.0025300735142081976,0.001266266917809844,-0.045408573001623154,-0.03716016560792923,0.010503501631319523,0.006694160867482424,-0.004008844960480928,-7.858763274271041e-05,-0.004008844960480928,-0.004008844960480928,-0.0018346086144447327,0.01092336792498827,-0.004008844960480928,-4.550760786514729e-05,-0.004008844960480928,0.0040894923731684685,-0.004008844960480928,0.008500497788190842
2026-05-29,0.01369750127196312,0.021864034235477448,-0.03105330653488636,-0.025747498497366905,0.013226136565208435,0.006163707002997398,0.00986329186707735,0.011734448373317719,0.00986329186707735,0.00986329186707735,0.015087611973285675,0.023658275604248047,0.00986329186707735,0.011734448373317719,0.00986329186707735,0.03247813507914543,0.00986329186707735,0.013226136565208435
2026-06-30,0.017713608220219612,0.01466374285519123,-0.058054886758327484,-0.0058845942839980125,0.012594658881425858,0.02915475144982338,0.003895840607583523,0.005472926422953606,0.003895840607583523,0.005585609935224056,0.01511695422232151,0.015958942472934723,0.003895840607583523,0.010558636859059334,0.003895840607583523,0.03296195715665817,0.003895840607583523,0.010558636859059334
