period,assumptions,start,end,strategy,n_months,ann_return,ann_vol,sharpe,max_dd
2020,"one-way costs 15 bps stocks/ETFs, 40 bps crypto; OOS 2020-02-28 to 2026-06-30; data_mode=FULL-public; prices 2016-01-01 to 2026-07-31",2020-02-28,2020-12-31,xgb_top5_ew,11,0.8836622736191078,0.5008254772367111,1.7644115840405856,-0.0836486067748099
2020,"one-way costs 15 bps stocks/ETFs, 40 bps crypto; OOS 2020-02-28 to 2026-06-30; data_mode=FULL-public; prices 2016-01-01 to 2026-07-31",2020-02-28,2020-12-31,xgb_top30_sw,11,0.9927077111736224,0.524118246468973,1.8940529505728423,-0.08299918859374578
2020,"one-way costs 15 bps stocks/ETFs, 40 bps crypto; OOS 2020-02-28 to 2026-06-30; data_mode=FULL-public; prices 2016-01-01 to 2026-07-31",2020-02-28,2020-12-31,xgb_ls,11,0.09620442235863669,0.24093657797525134,0.39929355337867656,-0.13453249459881833
2020,"one-way costs 15 bps stocks/ETFs, 40 bps crypto; OOS 2020-02-28 to 2026-06-30; data_mode=FULL-public; prices 2016-01-01 to 2026-07-31",2020-02-28,2020-12-31,xgb_mv,11,0.5526509130143564,0.4629767895132021,1.1936903221335187,-0.10084932526612811
2020,"one-way costs 15 bps stocks/ETFs, 40 bps crypto; OOS 2020-02-28 to 2026-06-30; data_mode=FULL-public; prices 2016-01-01 to 2026-07-31",2020-02-28,2020-12-31,ridge_top5_ew,11,0.5507731712043777,0.4504204405959028,1.2227979051654696,-0.086306025815163
2020,"one-way costs 15 bps stocks/ETFs, 40 bps crypto; OOS 2020-02-28 to 2026-06-30; data_mode=FULL-public; prices 2016-01-01 to 2026-07-31",2020-02-28,2020-12-31,rf_top5_ew,11,1.1238397372100084,0.5756247917657311,1.952382443019221,-0.11527626999511309
2020,"one-way costs 15 bps stocks/ETFs, 40 bps crypto; OOS 2020-02-28 to 2026-06-30; data_mode=FULL-public; prices 2016-01-01 to 2026-07-31",2020-02-28,2020-12-31,mom_top5_ew,11,1.6917695510634023,0.4064306824840566,4.162504515464987,-0.11087420392381064
2020,"one-way costs 15 bps stocks/ETFs, 40 bps crypto; OOS 2020-02-28 to 2026-06-30; data_mode=FULL-public; prices 2016-01-01 to 2026-07-31",2020-02-28,2020-12-31,equal_weight,11,0.6180889629469126,0.28282614668453265,2.1854024820284232,-0.06499159541535338
2020,"one-way costs 15 bps stocks/ETFs, 40 bps crypto; OOS 2020-02-28 to 2026-06-30; data_mode=FULL-public; prices 2016-01-01 to 2026-07-31",2020-02-28,2020-12-31,hist_mv,11,1.0324041305418827,0.3467511158077441,2.9773635425424225,-0.09979182929634478
2020,"one-way costs 15 bps stocks/ETFs, 40 bps crypto; OOS 2020-02-28 to 2026-06-30; data_mode=FULL-public; prices 2016-01-01 to 2026-07-31",2020-02-28,2020-12-31,sixty_forty,11,0.42252871848369367,0.19517022140805262,2.1649241130914674,-0.054990109895319716
2021,"one-way costs 15 bps stocks/ETFs, 40 bps crypto; OOS 2020-02-28 to 2026-06-30; data_mode=FULL-public; prices 2016-01-01 to 2026-07-31",2021-01-29,2021-12-31,xgb_top5_ew,12,0.35534314723042937,0.33629611026757256,1.056637696307882,-0.2234850165330482
2021,"one-way costs 15 bps stocks/ETFs, 40 bps crypto; OOS 2020-02-28 to 2026-06-30; data_mode=FULL-public; prices 2016-01-01 to 2026-07-31",2021-01-29,2021-12-31,xgb_top30_sw,12,0.12204122037066512,0.5013938257936866,0.2434039154301086,-0.3156631635158127
2021,"one-way costs 15 bps stocks/ETFs, 40 bps crypto; OOS 2020-02-28 to 2026-06-30; data_mode=FULL-public; prices 2016-01-01 to 2026-07-31",2021-01-29,2021-12-31,xgb_ls,12,0.016894132181795696,0.16765695138713355,0.10076607049108134,-0.1592567801301793
2021,"one-way costs 15 bps stocks/ETFs, 40 bps crypto; OOS 2020-02-28 to 2026-06-30; data_mode=FULL-public; prices 2016-01-01 to 2026-07-31",2021-01-29,2021-12-31,xgb_mv,12,0.1976548557122808,0.29117676482654326,0.6788139700295993,-0.2031456787275393
2021,"one-way costs 15 bps stocks/ETFs, 40 bps crypto; OOS 2020-02-28 to 2026-06-30; data_mode=FULL-public; prices 2016-01-01 to 2026-07-31",2021-01-29,2021-12-31,ridge_top5_ew,12,0.44388822035945785,0.3706055121555936,1.1977377718362092,-0.17958056226105223
2021,"one-way costs 15 bps stocks/ETFs, 40 bps crypto; OOS 2020-02-28 to 2026-06-30; data_mode=FULL-public; prices 2016-01-01 to 2026-07-31",2021-01-29,2021-12-31,rf_top5_ew,12,0.5250703129901482,0.3226162674230496,1.6275382428302003,-0.16528236802223928
2021,"one-way costs 15 bps stocks/ETFs, 40 bps crypto; OOS 2020-02-28 to 2026-06-30; data_mode=FULL-public; prices 2016-01-01 to 2026-07-31",2021-01-29,2021-12-31,mom_top5_ew,12,0.5199226377663981,0.3749134177715436,1.386780555512732,-0.20451322359122015
2021,"one-way costs 15 bps stocks/ETFs, 40 bps crypto; OOS 2020-02-28 to 2026-06-30; data_mode=FULL-public; prices 2016-01-01 to 2026-07-31",2021-01-29,2021-12-31,equal_weight,12,0.3311390387186697,0.15459078742284021,2.142036043926283,-0.04721908149116605
2021,"one-way costs 15 bps stocks/ETFs, 40 bps crypto; OOS 2020-02-28 to 2026-06-30; data_mode=FULL-public; prices 2016-01-01 to 2026-07-31",2021-01-29,2021-12-31,hist_mv,12,0.49377454609851745,0.3505011201168796,1.4087673840638832,-0.14955091621662642
2021,"one-way costs 15 bps stocks/ETFs, 40 bps crypto; OOS 2020-02-28 to 2026-06-30; data_mode=FULL-public; prices 2016-01-01 to 2026-07-31",2021-01-29,2021-12-31,sixty_forty,12,0.21488121826207762,0.12957308185510566,1.658378539628835,-0.052540783812371816
2022,"one-way costs 15 bps stocks/ETFs, 40 bps crypto; OOS 2020-02-28 to 2026-06-30; data_mode=FULL-public; prices 2016-01-01 to 2026-07-31",2022-01-31,2022-12-30,xgb_top5_ew,12,-0.13096320414033613,0.5203100738562707,-0.2517022266543952,-0.4185065963586846
2022,"one-way costs 15 bps stocks/ETFs, 40 bps crypto; OOS 2020-02-28 to 2026-06-30; data_mode=FULL-public; prices 2016-01-01 to 2026-07-31",2022-01-31,2022-12-30,xgb_top30_sw,12,-0.14970298365446477,0.5963314085197288,-0.2510399108879271,-0.4824788597324249
2022,"one-way costs 15 bps stocks/ETFs, 40 bps crypto; OOS 2020-02-28 to 2026-06-30; data_mode=FULL-public; prices 2016-01-01 to 2026-07-31",2022-01-31,2022-12-30,xgb_ls,12,-0.0040271780363193566,0.20039594725239712,-0.020096105193420692,-0.18804562622016952
2022,"one-way costs 15 bps stocks/ETFs, 40 bps crypto; OOS 2020-02-28 to 2026-06-30; data_mode=FULL-public; prices 2016-01-01 to 2026-07-31",2022-01-31,2022-12-30,xgb_mv,12,0.0552755751380154,0.32985719074352415,0.16757426149607316,-0.2604952491462793
2022,"one-way costs 15 bps stocks/ETFs, 40 bps crypto; OOS 2020-02-28 to 2026-06-30; data_mode=FULL-public; prices 2016-01-01 to 2026-07-31",2022-01-31,2022-12-30,ridge_top5_ew,12,-0.22640684755571971,0.45577565493965616,-0.4967506383940045,-0.4183592225571844
2022,"one-way costs 15 bps stocks/ETFs, 40 bps crypto; OOS 2020-02-28 to 2026-06-30; data_mode=FULL-public; prices 2016-01-01 to 2026-07-31",2022-01-31,2022-12-30,rf_top5_ew,12,-0.17262898503851232,0.4856849897849272,-0.35543405431359226,-0.3447927507240163
2022,"one-way costs 15 bps stocks/ETFs, 40 bps crypto; OOS 2020-02-28 to 2026-06-30; data_mode=FULL-public; prices 2016-01-01 to 2026-07-31",2022-01-31,2022-12-30,mom_top5_ew,12,-0.06346235633553643,0.3322846222080138,-0.19098794254706225,-0.2645024551735905
2022,"one-way costs 15 bps stocks/ETFs, 40 bps crypto; OOS 2020-02-28 to 2026-06-30; data_mode=FULL-public; prices 2016-01-01 to 2026-07-31",2022-01-31,2022-12-30,equal_weight,12,-0.06871890099770239,0.2776855100623517,-0.24747024424238845,-0.23414116332432555
2022,"one-way costs 15 bps stocks/ETFs, 40 bps crypto; OOS 2020-02-28 to 2026-06-30; data_mode=FULL-public; prices 2016-01-01 to 2026-07-31",2022-01-31,2022-12-30,hist_mv,12,0.06498690868696944,0.24622301125636975,0.26393515518866123,-0.19021905920445847
2022,"one-way costs 15 bps stocks/ETFs, 40 bps crypto; OOS 2020-02-28 to 2026-06-30; data_mode=FULL-public; prices 2016-01-01 to 2026-07-31",2022-01-31,2022-12-30,sixty_forty,12,-0.12301333239910084,0.23753225311562245,-0.5178805437391368,-0.23462239235842008
2023-2026,"one-way costs 15 bps stocks/ETFs, 40 bps crypto; OOS 2020-02-28 to 2026-06-30; data_mode=FULL-public; prices 2016-01-01 to 2026-07-31",2023-01-31,2026-06-30,xgb_top5_ew,42,0.3019368119610959,0.24522387937567658,1.231270024476436,-0.20973730252322675
2023-2026,"one-way costs 15 bps stocks/ETFs, 40 bps crypto; OOS 2020-02-28 to 2026-06-30; data_mode=FULL-public; prices 2016-01-01 to 2026-07-31",2023-01-31,2026-06-30,xgb_top30_sw,42,0.404188053317603,0.2786210338656306,1.4506731516635212,-0.26193704006466
2023-2026,"one-way costs 15 bps stocks/ETFs, 40 bps crypto; OOS 2020-02-28 to 2026-06-30; data_mode=FULL-public; prices 2016-01-01 to 2026-07-31",2023-01-31,2026-06-30,xgb_ls,42,0.10528532968923954,0.11771789063854085,0.8943868185042819,-0.10479498846980106
2023-2026,"one-way costs 15 bps stocks/ETFs, 40 bps crypto; OOS 2020-02-28 to 2026-06-30; data_mode=FULL-public; prices 2016-01-01 to 2026-07-31",2023-01-31,2026-06-30,xgb_mv,42,0.25261207966618704,0.1802459558033338,1.4014854232946665,-0.17691329154739677
2023-2026,"one-way costs 15 bps stocks/ETFs, 40 bps crypto; OOS 2020-02-28 to 2026-06-30; data_mode=FULL-public; prices 2016-01-01 to 2026-07-31",2023-01-31,2026-06-30,ridge_top5_ew,42,0.39855331631301016,0.25600266663918625,1.5568326750077834,-0.21884231646006147
2023-2026,"one-way costs 15 bps stocks/ETFs, 40 bps crypto; OOS 2020-02-28 to 2026-06-30; data_mode=FULL-public; prices 2016-01-01 to 2026-07-31",2023-01-31,2026-06-30,rf_top5_ew,42,0.5080320959597733,0.2759209006113141,1.8412236798089863,-0.16650257722454176
2023-2026,"one-way costs 15 bps stocks/ETFs, 40 bps crypto; OOS 2020-02-28 to 2026-06-30; data_mode=FULL-public; prices 2016-01-01 to 2026-07-31",2023-01-31,2026-06-30,mom_top5_ew,42,0.265721223013498,0.2583808363298018,1.0284091761136913,-0.16306409791373389
2023-2026,"one-way costs 15 bps stocks/ETFs, 40 bps crypto; OOS 2020-02-28 to 2026-06-30; data_mode=FULL-public; prices 2016-01-01 to 2026-07-31",2023-01-31,2026-06-30,equal_weight,42,0.2480459969262363,0.12589063629571906,1.9703292017968073,-0.07052735620599293
2023-2026,"one-way costs 15 bps stocks/ETFs, 40 bps crypto; OOS 2020-02-28 to 2026-06-30; data_mode=FULL-public; prices 2016-01-01 to 2026-07-31",2023-01-31,2026-06-30,hist_mv,42,0.25609932562915905,0.1851496997579611,1.3832014092593592,-0.10047954276385485
2023-2026,"one-way costs 15 bps stocks/ETFs, 40 bps crypto; OOS 2020-02-28 to 2026-06-30; data_mode=FULL-public; prices 2016-01-01 to 2026-07-31",2023-01-31,2026-06-30,sixty_forty,42,0.1591311339588648,0.11398381112735687,1.396085394802809,-0.08667529690734821
