,AAPL,AMZN,BTC-USD,ETH-USD,GLD,GOOGL,IEF,JNJ,JPM,LQD,MSFT,NVDA,TLT,XLE,XLF,XLK,XLV,XOM
2020-02-28,3.786961414336311e-18,0.0,0.0,0.15139878027693768,1.3311971412739614e-16,0.19999999999999996,0.0,1.1832114897640702e-17,0.0,0.19999999999999996,0.0,7.254904889308483e-17,3.813464815740726e-17,0.19999999999999996,6.361808437161307e-17,0.0486012197230621,3.967031954862442e-17,0.19999999999999996
2020-03-31,2.9661386751537205e-17,0.19999999999999996,0.0,3.642648585985955e-18,0.19999999999999996,0.0,0.19999999999999996,3.122502256758252e-17,2.4167238890160215e-17,0.19999999999999996,0.0,6.260271775620561e-18,0.19999999999999993,0.0,8.712886743258007e-18,0.0,3.731712176339539e-17,2.2869429646299225e-17
2020-04-30,0.0,4.567811738069839e-17,0.0,7.403391285243361e-17,0.19999999999999993,0.0,0.0,1.4665843852674897e-16,4.4013188796487917e-17,0.19999999999999968,1.3114720980868746e-17,0.0,0.2,0.19999999999999998,8.439488555017713e-18,0.0,7.027986122202438e-17,0.2
2020-05-29,2.5739297766911587e-17,4.8256266552706065e-17,2.514257899217117e-17,2.6090672836034343e-18,0.0,0.19999999999999996,0.0,0.19999999999999996,2.3165186481001442e-17,0.19999999999999996,3.346556786921919e-17,0.0,0.19999999999999987,2.9428917408267786e-17,9.39607017280806e-19,0.0,0.19999999999999993,2.5493542030693766e-17
2020-06-30,0.19999999999999996,0.19999999999999937,9.24897517053607e-17,0.19999999999999976,1.2852164907370174e-16,5.334257864482102e-19,0.0,0.0,0.0,0.0,0.0,0.19999999999999996,0.1797646060873508,7.399615565425681e-17,0.0,0.0,1.381267141567744e-16,0.0202353939126498
2020-07-31,0.19999999999999993,0.19999999999999993,0.0,0.19999999999999993,2.148166055881701e-17,0.0,9.394448503804465e-17,0.0,0.0,1.4255625360360143e-17,0.19999999999999976,0.19999999999999993,0.0,0.0,0.0,0.0,0.0,5.451368523257114e-16
2020-08-31,0.19999999999999996,0.19999999999999996,7.930838707612123e-17,0.19999999999999996,0.0,0.0,0.0,6.328207831590956e-17,0.0,0.0,0.0,0.19999999999999996,0.1999999999999999,4.2134204242392884e-17,0.0,2.638526883123632e-17,0.0,7.299798936910016e-18
2020-09-30,0.19999999999999987,0.050714872229241786,0.025493999606782183,5.943551344610479e-17,0.0,1.996547216994889e-17,0.0975187277505751,2.398051289446013e-17,1.9281069548567414e-17,0.19999999999999998,6.111772087935183e-17,0.2,0.20000000000000004,2.08345279738318e-17,2.1722323057080166e-17,5.623542297137804e-17,9.516578287145697e-18,0.026272400413400884
2020-10-30,0.0,2.2524358317656693e-17,0.0,1.0498543485299352e-17,0.08348706669786111,0.0,0.19999999999999996,0.0,0.0,4.003766091708159e-18,1.509373025925348e-17,0.19999999999999987,0.19999999999999993,0.11651293330213902,9.302383139805826e-18,0.19999999999999996,0.0,0.0
2020-11-30,0.19999999999999993,0.19999999999999993,0.0,0.19999999999999993,1.779157011748823e-18,0.0,7.37090783938138e-16,0.0,0.06656403536270097,0.0,1.603535286307554e-17,0.0,0.17298373422300034,0.0,0.0,0.0,1.1754000672234043e-16,0.16045223041429796
2020-12-31,0.0,0.19999999999999993,0.19999999999999993,0.19999999999999993,2.0256797019550273e-16,0.19999999999999968,0.0,7.197383653869526e-17,1.7447211151432746e-16,0.0,1.9551995085732016e-17,0.0,6.513163081240893e-17,2.319898811138913e-16,0.0,0.0,0.0,0.1999999999999998
2021-01-29,1.0596155565854443e-16,0.0,0.0,0.19999999999999993,0.0,0.19999999999999993,0.0,2.4326476459305625e-17,0.19999999999999993,3.887119140944165e-17,0.0,0.0,1.9622385177019762e-16,0.19999999999999993,0.0,0.0,0.0,0.19999999999999993
2021-02-26,0.0,2.6653813323292177e-16,0.19999999999999946,0.19999999999999948,1.7870127746661251e-16,0.19999999999999957,1.1825744755612288e-16,9.201667172941198e-17,7.976605550518447e-17,0.0,5.130463219341252e-16,0.19999999999999993,2.3053709654609463e-16,0.0,2.663712213077172e-16,1.6177364273195133e-16,3.392395799307924e-16,0.1999999999999993
2021-03-31,3.314930919605389e-17,9.447054413715741e-17,0.2,0.2,2.7514262068557635e-17,0.05406671849721214,1.1578797492072315e-16,0.0,0.14593328150278767,0.0,4.0964348769469555e-18,0.0,0.0,0.2,0.0,3.9537807162484454e-18,0.0,0.2
2021-04-30,0.008783047884658796,0.0,0.19999999999999996,0.19999999999999996,1.0955581544869477e-17,0.1661024761821207,6.345294648599457e-17,3.9854804692489903e-17,0.0,1.418721011211443e-16,0.0,0.025114475933220432,1.312729595545154e-16,0.19999999999999965,1.372536003474975e-16,1.9916635591907942e-17,2.0796533965961672e-17,0.19999999999999984
2021-05-28,0.19999999999999998,0.0,0.2,0.12542734394555996,0.0,0.0,0.031751323817742295,0.0,0.017632665005939487,2.5564182889386367e-17,0.0,0.18277666824415426,0.0,0.04241199898660406,0.0,1.0526074195003358e-17,0.0,0.2
2021-06-30,5.974138804848909e-16,0.0,0.19999999999999982,1.2072610368562475e-17,2.3856101535567152e-17,2.3518487424910712e-17,1.503405116807891e-16,5.400936959090841e-17,0.08854255375771405,0.0,0.11145744624228568,0.19999999999999973,0.0,0.19999999999999987,0.0,1.0994332990466064e-17,5.2632554025196605e-17,0.19999999999999987
2021-07-30,0.0,0.0,0.19999999999999996,0.06936339493284444,0.0,0.0,0.19999999999999993,3.964988186274228e-17,8.366849006565375e-17,0.1068470175299253,0.0,0.042111068887712995,0.0,0.19999999999999996,0.0,0.0,0.0,0.18167851864951726
2021-08-31,0.0,0.0076827314345753045,0.0,0.19999999999999993,1.3744396699145934e-17,0.0,0.15855372952409078,0.0,0.0,0.0,0.0,0.19999999999999987,0.05580215639421989,0.19999999999999987,9.297247045352414e-17,0.0,0.0,0.17796138264711414
2021-09-30,0.0,4.3497148431401316e-17,2.6103390188119387e-17,0.0,1.2203457658108334e-16,2.3290166382726263e-17,0.16689653526459827,1.1783304728653215e-16,0.19999999999999998,2.1913157257980854e-17,1.4267864933968707e-17,0.03310346473540136,0.1999999999999999,2.843593402729898e-17,2.4390020592591532e-17,5.923067874428415e-17,0.2,0.2
2021-10-29,0.0,8.017891059628296e-17,0.1999999999999999,0.2,0.0,0.07093744235104173,0.0,4.349644349864037e-18,0.10578816244946088,0.0,2.2995033072884895e-17,0.05308285829908688,2.537535036043672e-17,0.17019153690041042,0.0,2.0199088609936607e-17,0.0,0.2
2021-11-30,2.1868022599727118e-17,0.0,0.19999999999999982,0.19999999999999996,0.0,2.833206001066217e-17,2.5302574447427312e-17,0.0,0.0,0.0,4.502118138670363e-17,0.19999999999999984,3.6842817348949987e-16,0.1999999999999999,1.729707498512967e-17,5.7192982159937145e-18,4.6230206077765535e-17,0.19999999999999996
2021-12-31,5.396102708338058e-17,0.0,0.19999999999999987,0.04291035759494725,0.0,6.320187840065744e-17,0.1571052977023873,0.0,0.19999999999999996,2.6330927449412393e-16,0.0,0.1999999999999998,0.1999843447026653,1.8995071577490465e-17,3.5830803778115747e-17,1.023996283749373e-16,0.0,4.643566561950067e-17
2022-01-31,0.0,0.17020254629620632,0.19999999999999996,0.1999999999999999,0.0,0.0,0.0,5.61209157822929e-17,9.438308807566414e-17,0.0,0.0,0.19999999999999993,2.5853533947058072e-17,5.126144225795008e-18,6.699285214258415e-17,5.0601649097983873e-17,0.05581933720918122,0.17397811649461253
2022-02-28,0.1868471256329239,0.0,0.17297777269658265,0.2,0.0,7.45228427337873e-18,0.0,0.0,0.0,6.597887279686186e-17,4.49893963639003e-17,0.0,0.09597934383143125,0.19999999999999998,8.594084686277527e-18,0.0,1.7311747779418786e-17,0.1441957578390621
2022-03-31,1.5389787125791367e-16,0.0,0.10933054174167019,0.2,2.3289963912489245e-17,0.0,9.03849134540866e-18,0.0,0.0,1.0946606406788205e-17,0.2,0.09066945825832966,0.0,0.2,7.054080380448542e-18,0.0,0.0,0.2
2022-04-29,0.0,0.0972694683809812,0.11611954416791634,0.08861595184395056,0.19999999999999996,0.0,2.2051600399359706e-17,0.19999999999999996,0.0,0.0,1.8331949356395773e-17,0.0,0.0,0.09799503560715214,0.0,2.063762748106116e-18,0.19999999999999984,0.0
2022-05-31,0.0,0.0,0.0,0.19999999999999996,0.07174182387029109,1.8712210126483695e-17,0.14142324543842716,1.7668081757271542e-16,0.08068334292743813,0.0,2.3417997715793724e-17,0.06952767170799463,0.1986800057590561,0.037943910296792796,9.838747986756988e-18,0.0,5.4887035905721965e-17,0.1999999999999999
2022-06-30,0.0,2.1174284511508336e-17,1.4838585874066757e-16,0.19999999999999998,0.14551697724929422,0.0,0.19999999999999996,4.241968569541707e-17,0.2,1.0185685126557705e-16,6.025150654032096e-17,2.0149652262482436e-17,6.824245018631424e-17,1.1010002084676501e-16,2.966228275660225e-17,0.05448302275070543,8.007272221548682e-19,0.1999999999999999
2022-07-29,1.193700961528245e-17,0.06058824389376517,0.19999999999999998,1.0512063924053323e-17,0.1999999999999999,1.6769260530447554e-17,0.2,0.13883551492877652,0.037020460842750534,0.125832637615301,6.744933612950149e-18,3.9311686715024077e-17,4.643390263759043e-17,0.03772314271940675,2.576438517532978e-17,3.422827029199537e-17,0.0,1.3311721771517644e-17
2022-08-31,2.6348825408401245e-17,0.0,0.19999999999999993,0.0,0.19999999999999987,0.0,0.1999999999999999,0.1403197388723386,0.05968026112766169,0.19999999999999993,0.0,6.954721301811102e-18,0.0,0.0,2.899884446471431e-17,6.458011301036033e-17,0.0,3.38055932973955e-17
2022-09-30,4.869707045101996e-17,0.0,0.019552538245287198,0.19999999999999993,0.02510406450678245,0.0,0.19999999999999996,0.06491146631752909,0.0,0.19999999999999996,7.227579588778928e-17,1.2307954293399012e-17,0.0,0.0904319309304012,0.0,6.833305195808554e-17,0.0,0.19999999999999996
2022-10-31,0.0,0.0,0.06117458065216344,0.19999999999999996,5.2286637783197857e-17,0.0,0.0,1.6108066968838016e-17,0.0,0.0,1.2521924661208614e-17,0.19999999999999996,0.1388254193478366,0.1999999999999999,1.460243639185427e-17,0.0,0.0,0.19999999999999993
2022-11-30,0.0,3.891149995792036e-17,3.428017808602442e-17,2.1373138697105089e-16,0.18566469292196922,0.0,0.2,0.011069655516770116,0.2,0.0,0.0,0.19232201991291462,0.12809588597838842,0.08284774566995727,0.0,0.0,0.0,0.0
2022-12-30,2.810448088123454e-17,0.19999999999999976,4.8392498018741794e-17,2.5795668663486982e-17,0.0,6.263352383541311e-17,0.2,0.2,0.0025326324012149588,0.0,0.0,0.1974673675987851,0.19999999999999998,0.0,4.7429428303642315e-17,0.0,0.0,8.706815175555852e-17
2023-01-31,0.0,2.2184287631835548e-16,0.19999999999999993,0.05060909147821152,0.0,0.0,0.135226298864635,4.130405768289419e-16,0.0,0.0,0.0,0.19999999999999993,0.19999999999999993,0.19999999999999957,0.0,0.0,0.0,0.014164609657153444
2023-02-28,1.728857090208523e-16,0.0,0.19999999999999987,0.19999999999999993,0.18020203722159842,0.0,0.0,0.01979796277840139,0.0,0.0,6.571908255670509e-17,0.0,0.19999999999999993,1.4617600499558578e-16,1.520954163031572e-16,3.2908260390995296e-17,0.0,0.19999999999999996
2023-03-31,0.0,0.0,0.19999999999999976,0.17553427205212682,0.15513430215400761,3.666765922465328e-17,8.882162067820338e-17,0.0,0.19999999999999996,0.0,0.0693314257938652,4.4383278251650294e-17,0.2,1.446416747354993e-16,0.0,4.549435499326549e-17,2.822840491403765e-16,0.0
2023-04-28,1.1061090184922345e-18,2.0767167739383162e-17,0.0,0.03421387123174477,0.19999999999999993,4.0104519990452503e-17,0.04421354725737507,6.458945017035568e-17,0.12157258151088018,1.933681182214734e-17,0.19999999999999998,0.0,0.19999999999999996,0.2,1.1252205953545976e-17,1.2834777445588692e-17,0.0,1.201452982501077e-17
2023-05-31,0.0,3.6540238677081714e-17,0.19999999999999968,0.19999999999999968,0.0,0.1999999999999997,1.3657143429328766e-17,0.0,0.0,7.228071300199523e-17,1.3921155894713855e-15,0.1999999999999997,0.19999999999999968,4.925766228770304e-17,0.0,0.0,1.6721193898406445e-18,0.0
2023-06-30,0.19999999999999996,0.14914988172300975,0.19999999999999996,0.0,4.0309311831643073e-17,0.0,0.0,0.0,0.0508501182769905,0.0,6.131701792728464e-18,0.19999999999999973,0.1999999999999999,0.0,0.0,0.0,1.4341514163099848e-17,1.771180654845307e-17
2023-07-31,0.0,2.3643297281888626e-16,3.422337924402726e-18,0.0,0.0,0.19999999999999993,0.06048074664659689,5.691956029270423e-17,0.13951925335340298,0.0,0.19999999999999993,0.19999999999999993,0.19999999999999993,0.0,2.0415081374846297e-17,1.2586162630335465e-17,0.0,0.0
2023-08-31,0.0,4.208702646465932e-18,0.19999999999999993,0.19999999999999993,0.0,0.13992887952432118,0.0,0.19999999999999987,0.1999999999999999,0.0,0.0,0.01040016432794945,0.04967095614772957,7.002731326150763e-17,7.97830723128967e-17,2.0893170675250724e-18,0.0,9.965919892852009e-18
2023-09-29,4.301493419930414e-16,0.18530163049347248,0.0,0.0,0.0,0.0,0.0,0.0,0.2,0.0,0.01469836950652724,0.2,0.2,0.0,9.659135270540391e-18,0.19999999999999998,3.307998469632306e-17,0.0
2023-10-31,0.0,0.024136299063943385,0.1999999999999999,0.037153253662001944,6.072291108674383e-17,0.19999999999999993,1.2939301173526941e-17,0.0,4.468692381669261e-18,0.0,0.16956608027578557,0.16914436699826932,0.19999999999999993,9.919991222113374e-18,0.0,7.586848267519428e-18,0.0,0.0
2023-11-30,0.10196956637150609,9.112939357456424e-17,0.0,0.0,0.020412778373387366,0.1999999999999999,9.460673944788757e-18,1.9482447317737834e-17,4.4503529659667414e-18,7.280908631098481e-19,0.07111638032764277,0.006501274927463787,0.19999999999999996,0.19999999999999996,2.533531444443181e-17,0.0,2.790009588888548e-17,0.19999999999999993
2023-12-29,0.19999999999999993,0.11049834190120796,0.0,0.19999999999999993,0.0,0.19999999999999993,0.0,0.0,0.0,0.0,0.19999999999999993,0.0,6.3736981366426215e-18,0.0,0.0,2.6323018110375894e-17,0.0,0.08950165809879226
2024-01-31,0.19999999999999976,0.19999999999999973,0.19999999999999993,1.0425018214512376e-16,2.084295210507706e-17,0.19999999999999993,0.0,0.0,2.0552915940527026e-16,1.1485196728909752e-17,0.0,0.20000000000000004,0.0,2.986546669252269e-17,2.2045431566993998e-17,0.0,3.28263048104174e-16,0.0
2024-02-29,7.303185833862353e-16,0.0,0.19999999999999973,0.19999999999999987,0.0,0.1999999999999998,1.0890616990221315e-16,0.0,0.0,0.0,0.19999999999999987,0.19999999999999968,0.0,7.517974624335179e-17,2.990860282735049e-18,8.450306581667601e-18,1.4786090504654456e-17,3.6208822690347197e-17
2024-03-28,3.5068592052260537e-17,1.1510291211079198e-16,0.20000000000000004,0.0,2.2991992217700693e-16,0.19999999999999998,9.002002379918571e-17,3.226986613289943e-17,0.2,0.0,0.05275700594304012,0.20000000000000004,2.72387481625062e-18,1.1545379570043097e-16,9.256192905475786e-18,0.0,1.0015134426215639e-17,0.14724299405695923
2024-04-30,1.2180674484696362e-16,0.19999999999999957,0.19999999999999993,0.19999999999999962,0.19999999999999987,8.839472636630878e-17,0.0,1.1339445137711701e-16,4.004709116580693e-17,0.0,0.19999999999999993,7.468715682833344e-17,2.1337098754514717e-16,1.618309325460251e-16,4.1147169745113845e-17,0.0,2.9606852532185176e-16,0.0
2024-05-31,0.0,0.19999999999999998,0.0,0.13145336368268123,0.2,0.2,0.0,0.0685466363173187,1.63822444176282e-17,0.0,0.0,0.2,0.0,0.0,0.0,0.0,1.2708066311066198e-17,0.0
2024-06-28,0.19999999999999982,1.3807319918592267e-16,5.9607284196473355e-18,0.17011189761207135,6.844086085323531e-18,3.2822058461482205e-17,0.19999999999999996,1.5003206689823535e-16,0.13991217307399217,0.07751450543238542,3.387258137053837e-17,1.3974287782001514e-16,0.2,1.528220454572819e-17,0.0,0.01246142388155086,1.1337374984579761e-17,0.0
2024-07-31,0.19999999999999993,0.2,0.0,0.2,0.0,0.0,3.3335620665643417e-17,0.10590810871706637,0.0,0.0,2.471406964925761e-17,0.0,0.09409189128293347,0.0,6.691439318650566e-18,0.0,1.298685666561139e-16,0.2
2024-08-30,0.19999999999999984,0.05382272299939403,0.0,0.0,2.6756096608960255e-17,0.0,0.0,3.078905225021992e-18,0.19999999999999996,0.0,0.0,0.0009357726154196594,0.19999999999999996,0.0,0.19999999999999996,1.5535662914919343e-17,0.0,0.14524150438518646
2024-09-30,2.5309531487913602e-17,5.653746102017682e-19,0.2,0.17622271009394846,0.0,0.19999999999999998,0.0,0.09959374580863009,1.5514576630172744e-17,0.0,0.0,0.12418354409742133,0.2,0.0,2.3629355414432024e-17,8.347394029012331e-18,6.6963270459168056e-18,0.0
2024-10-31,5.7729366627897164e-18,0.19999999999999993,0.0,0.19999999999999993,1.3621469943909796e-17,3.327948988057839e-17,1.2726217765757112e-16,0.0,1.0014031415029244e-17,0.0,1.9924816461463192e-17,0.1999999999999999,0.0,2.3072900328878353e-16,2.683867135899411e-17,5.887830124458635e-17,0.19999999999999984,0.19999999999999996
2024-11-29,1.8748394265783335e-17,0.039221601515955655,0.19999999999999996,0.0,3.2788812399470614e-17,1.2297391339494582e-17,0.0,0.2,0.2,0.0,2.1637014211329583e-17,0.2,0.08318421753930372,3.000357710431381e-18,1.1955209125262312e-16,3.440623878418953e-19,0.0,0.0775941809447403
2024-12-31,0.0,5.579206215663404e-17,0.19999999999999982,0.2,6.145554292663644e-17,0.08849032889126879,4.708800480778306e-17,0.02160364416352699,0.2,0.0,2.7086334058845947e-17,0.19999999999999998,6.0271824395493884e-18,0.0,4.7792736219898636e-17,0.0,4.1372173262576834e-17,0.08990602694520411
2025-01-31,3.141350090944081e-17,0.19999999999999993,0.19999999999999993,0.19999999999999993,0.0,0.0,1.9993204092448918e-17,3.553242112287262e-17,0.1999999999999999,1.71615489086342e-17,3.6776137690708296e-16,1.4547771986900158e-17,1.3626178217561947e-17,0.19999999999999976,0.0,2.5187925137657288e-17,0.0,0.0
2025-02-28,4.984496189290717e-17,0.0329104717145196,3.95449955543001e-17,2.2559733925560265e-18,0.19999999999999984,0.1999999999999998,0.09954724415389325,0.06754228413158711,0.19999999999999984,0.0,9.976522074676965e-18,0.19999999999999996,0.0,9.869048457951544e-17,0.0,3.0396329223985953e-17,9.993869019593803e-17,1.7263115065928214e-16
2025-03-31,0.2,0.008419801388219765,0.20000000000000004,0.0,0.1999999999999999,0.015546737193115747,0.10713407797891074,0.19999999999999996,7.502452778045817e-17,1.500688000785497e-16,2.43480586052868e-17,0.0688993834397535,0.0,7.392200769859924e-17,0.0,8.166644023902029e-17,0.0,9.169651747422811e-17
2025-04-30,3.259314815967009e-17,0.19236961525599386,0.19999999999999982,0.0413293755762106,0.0863878687305175,2.787940980819991e-17,0.19999999999999987,0.19999999999999993,1.8566894238746728e-16,1.5621083054785722e-16,3.8741760323789055e-17,4.431269601788059e-17,0.06429690029086674,0.0,2.640303138113566e-17,3.876886537810119e-17,1.4832495380891968e-16,0.015616240146411092
2025-05-30,0.03170086139400983,0.18987257953353187,0.07445015343096187,0.08655181167402215,0.19999999999999996,2.981570290667413e-18,0.2,0.08418896321038723,0.0,0.0,0.0,2.5385595683937095e-17,0.004097082406963699,0.0,0.0,0.0,1.3793098829421303e-17,0.12913854835012337
2025-06-30,0.0,0.0,0.19999999999999993,0.0009908310336498047,0.19999999999999996,3.1266315061446695e-18,0.051488340053755695,0.12969825808400975,3.8059117283859256e-17,2.783607290547811e-17,0.19999999999999993,0.19999999999999996,5.965258690898454e-18,0.0,0.0,0.0,0.0,0.01782257082858488
2025-07-31,4.6239826025386896e-17,0.0,0.0,0.19999999999999937,0.0,4.1222389786886166e-17,0.19999999999999957,0.19999999999999948,9.602717337426976e-17,0.0,0.19999999999999954,0.19999999999999934,2.1156710408542335e-15,5.575749153997599e-17,0.0,1.5198738164028722e-16,2.273778522723189e-16,1.0996889799175138e-16
2025-08-29,4.215706052296545e-17,0.13378797786487184,0.0,0.004548082121447793,0.12968748467974325,0.0,0.2,0.14126264750900272,0.0,0.19999999999999984,0.0,0.0085614335850426,0.18215237423989197,0.0,4.388918010953288e-19,0.0,0.0,0.0
2025-09-30,0.0,0.0,0.0,0.2,0.2,0.2,5.117434254131581e-16,0.19999999999999943,0.0,2.2590221660887457e-17,8.476095138468079e-17,0.1999999999999999,0.0,3.271100199846766e-17,2.4950826164926075e-17,0.0,0.0,0.0
2025-10-31,3.791559244951134e-16,0.16069672989309616,0.1999999999999999,0.0,0.0,0.19999999999999987,0.19563487867703486,0.043668391429867746,2.007053470907417e-16,5.120648194795535e-16,7.859203353018567e-17,0.19999999999999982,2.525176169246163e-16,0.0,1.4300597098045337e-16,0.0,0.0,1.3804692232004557e-16
2025-11-28,2.3487320871368e-18,0.0,0.2,0.0,0.08058224507160547,0.2,0.2,0.1194058839139789,0.0,1.18710144162721e-05,3.1945853357749775e-17,0.0,0.19999999999999932,0.0,0.0,0.0,4.009350836611429e-17,1.8410597599816022e-17
2025-12-31,0.19999999999999984,9.626976499418258e-17,0.19999999999999982,0.01971716460381122,0.0782222009790016,0.19999999999999993,0.0,0.19994358646263724,0.0011360857988490186,1.5270713522439227e-17,2.3790374870282203e-17,0.10098096215570092,1.501017263303059e-17,4.7281141714047026e-17,5.232307379934153e-17,0.0,1.7540625342681836e-17,1.2005464287800457e-16
2026-01-30,0.0,0.2,0.0,5.011390663508352e-18,0.09642939582022854,0.16698535608935677,0.0,0.0,0.0,0.0,0.14772810574589967,0.19999999999999996,0.0,2.9943726154129038e-18,0.0,3.4829940115835746e-17,0.0,0.1888571423445152
2026-02-27,0.0,0.13163297774013252,0.052184005889171506,0.19999999999999993,0.19999999999999996,2.6881672927163117e-17,2.0424185711855264e-17,0.19999999999999996,0.0,1.1002173428331515e-17,0.0,0.016183016370696145,1.5221947504825202e-17,0.0,4.9260525451111904e-17,0.0,5.1170057389281237e-17,0.19999999999999996
2026-03-31,0.0,0.19999999999999987,0.0,2.5226761054300074e-17,0.2,0.0,0.0,8.954696795207306e-17,1.4648209374359387e-17,0.0,3.282745636117086e-17,0.2,0.0,0.2,7.51599132166263e-18,0.0,0.0,0.2
2026-04-30,0.08061853716547532,0.0,0.0,4.943502071935392e-17,0.1999999999999999,0.1520895597858227,8.749545379538294e-18,0.1634454056725999,2.5015008357276738e-17,0.0,3.4500694441181126e-17,0.1999999999999999,3.0821788139678414e-17,0.0038464973761018787,8.076289156587804e-17,2.434179648719712e-16,9.045061661874207e-17,0.19999999999999984
2026-05-29,2.195530580016919e-17,0.19999999999999993,1.1905347998830957e-16,1.110921571841526e-16,0.0,0.0,1.5941407964027234e-16,0.19999999999999993,0.0,0.0,0.027440099415976714,0.1254541924699227,0.020680551367072236,0.026425156747028174,0.0,0.2,0.0,0.2
2026-06-30,0.19999999999999993,0.0,6.386701796179566e-19,2.04989310623755e-19,0.0,0.19999999999999993,0.0,3.8668153872589076e-16,0.0,0.0,0.10980827042798276,0.0,0.0,0.14821764246678298,0.0,0.19999999999999987,0.0,0.14197408710523404
