,AAPL,MSFT,AMZN,GOOGL,JPM,JNJ,XOM,NVDA,XLK,XLF,XLE,XLV,GLD,TLT,IEF,LQD,BTC-USD,ETH-USD
2020-02-28,0.2,0.06320513991815832,0.0,0.0,0.0,1.1816658890709629e-17,0.0,0.2,4.0060125483957026e-17,1.089508704409695e-17,2.6412730637795736e-17,2.104592988399249e-17,0.0,0.2,0.0,0.0,0.2,0.13679486008184155
2020-03-31,0.1143759301459752,0.0,0.0,7.165156203743136e-18,1.4949308829275282e-17,0.0,0.0,0.10474590922744864,6.351881327214772e-17,0.0,0.0,0.0,0.18087816062657636,0.1999999999999999,0.19999999999999993,0.0,0.1999999999999999,2.6406386975070855e-17
2020-04-30,0.1999999999999999,6.824439307396415e-19,0.0,6.03461592697336e-17,2.1536766985352535e-17,8.442263001207777e-18,0.0,0.0602069317968536,2.9208952726687176e-17,2.799483307849257e-17,4.2494925885202634e-17,1.6236063490186366e-19,0.19999999999999996,0.2,0.1397930682031462,6.483627362694158e-17,0.19999999999999996,1.737717576138065e-16
2020-05-29,0.19999999999999996,0.0,0.0706067578092381,0.0,2.1978131674552397e-17,0.0,4.16228346421181e-17,0.19999999999999996,3.068012229959407e-17,4.3606956736351706e-17,0.0,0.0,0.19999999999999996,0.19999999999999996,0.12939324219076204,0.0,0.0,0.0
2020-06-30,0.19999999999999982,9.003337579072365e-17,0.1564789724880527,2.403460171286956e-16,0.0,1.193454380392102e-16,0.0,0.19999999999999973,1.1708801140794142e-16,8.210933325472225e-18,0.0,1.4138674805908405e-16,0.1999999999999998,0.19999999999999973,0.043521027511947495,0.0,1.7069125915764974e-17,0.0
2020-07-31,0.19999999999999996,0.0,0.12466116665070201,0.0,0.0,0.0,0.0,0.19999999999999996,0.0,0.0,0.0,0.0,0.19999999999999996,0.19999999999999996,0.0,0.0,0.0,0.07533883334929813
2020-08-31,0.19999999999999996,0.0,0.19999999999999996,4.8546122861510626e-18,7.560040803226707e-18,5.32281646763603e-17,0.0,0.19999999999999996,0.0,0.0,6.122079568610715e-17,0.0,1.1102230246251563e-16,0.19999999999999996,0.0,0.0,2.869094116267994e-17,0.19999999999999996
2020-09-30,0.1929680618419606,0.0,0.19999999999999987,0.0,4.0202056285498246e-17,0.0,0.0,0.19999999999999987,0.0,2.302995425312289e-17,1.0692114747482493e-16,0.0,0.07465352392246281,0.19999999999999987,1.3717038808717047e-16,0.0,0.0,0.13237841423557656
2020-10-30,0.010554722655880639,1.4556969225711956e-16,0.20000000000000004,3.3087608040825174e-17,5.648833341000222e-17,0.0,0.0,0.19999999999999998,0.0,3.263860501230532e-17,1.1449879913668495e-18,0.0,0.12802001429287616,0.20000000000000004,0.06142526305124287,2.3832799767465282e-17,6.570429848865993e-17,0.19999999999999996
2020-11-30,0.1158076131161549,6.370734188158221e-17,0.19999999999999984,8.709856677283249e-17,0.0,0.0,0.0,0.19999999999999993,5.3321335361360186e-17,2.841100047724688e-17,0.0,1.56697647208329e-17,1.2445649886956195e-17,0.08419238688384513,0.0,0.0,0.2,0.19999999999999998
2020-12-31,0.19999999999999996,1.5825394571314486e-17,0.19999999999999996,1.5253914282207406e-17,2.4471353299190444e-17,2.0086999388983192e-17,2.291532338432409e-17,0.19999999999999993,0.0,2.0723617601441324e-17,0.0,1.4481242342240383e-17,4.4938316184078547e-17,0.0,6.854466036991739e-17,1.245221937126374e-17,0.1999999999999999,0.19999999999999996
2021-01-29,0.19999999999999982,7.355478232633918e-19,0.19999999999999993,0.0,1.8228617474216678e-18,8.883410156109025e-17,0.0,0.19999999999999993,1.3530843112619095e-16,1.988173756939662e-17,0.0,7.535354382392742e-19,0.0,6.919666729967081e-17,8.561053907740666e-18,2.1198369847165908e-17,0.19999999999999998,0.2
2021-02-26,0.19999999999999987,0.0,0.13240005390976745,0.0,0.06759994609023248,1.779825776342035e-17,0.0,0.2,1.9930872311999134e-16,2.833214263187341e-17,0.0,0.0,8.264066157870331e-18,2.9958412987998816e-17,1.2275146726882182e-17,0.0,0.2,0.2
2021-03-31,0.1831448610943606,0.0,0.0,0.0,0.16014727944495621,0.0,0.0,0.08031923812854658,0.0,0.0,0.17638862133213704,0.0,0.0,0.0,0.0,0.0,0.19999999999999984,0.19999999999999984
2021-04-30,0.13541198640342386,0.0,6.275571462397429e-17,0.0,0.19999999999999987,0.0,9.135332833974835e-17,0.19999999999999984,5.945057788110545e-17,0.06458801359657632,7.317368017627812e-17,7.699512703646456e-17,1.052717419076696e-17,1.2951419449772266e-16,7.211986206332534e-17,4.388867138235045e-17,0.1999999999999998,0.1999999999999997
2021-05-28,0.0,0.0,2.565157123845905e-17,2.951367890097779e-19,0.19999999999999996,1.4403017921689987e-17,0.0,0.19999999999999996,0.0,0.19999999999999996,0.0,6.454631440016175e-17,0.0,2.2565726637002207e-17,0.0,3.2824806921083935e-17,0.19999999999999996,0.19999999999999996
2021-06-30,3.673330705209847e-17,2.1190734000225837e-17,1.0318201675894591e-17,0.0755056194646452,0.19999999999999976,1.4852900992007982e-17,3.766598263802207e-17,0.19999999999999987,6.458092833176723e-17,0.1244943805353548,8.56532881317639e-17,6.090304777838271e-17,4.6378807296653636e-17,0.0,2.0416791499283358e-17,3.514481721362096e-18,0.19999999999999993,0.19999999999999993
2021-07-30,5.397563308439356e-17,3.3021411870933487e-17,0.0,0.19999999999999984,0.19999999999999984,0.0,5.386977668480572e-17,0.19999999999999996,8.399013769237819e-18,2.3852447794681093e-16,8.104229066107328e-17,0.0,0.0,0.0,1.9711147538905508e-17,0.0,0.19999999999999996,0.19999999999999996
2021-08-31,0.0,7.445379364031105e-17,0.0,0.2,0.19999999999999998,7.9852290598935395e-19,1.8537640845626628e-16,0.040310962118706134,0.0,0.15968903788129366,5.537182469912995e-17,3.707526476950274e-18,0.0,0.0,9.201459793173597e-18,0.0,0.2,0.19999999999999993
2021-09-30,0.0,0.0,0.0,0.11832036495827541,0.20000000000000007,0.0,0.19999999999999984,0.0,0.0,0.0,0.08167963504172462,0.0,0.0,0.0,0.0,0.0,0.20000000000000007,0.20000000000000007
2021-10-29,0.0,2.5982654803242047e-16,0.0,0.06896231373598215,0.046546815739594655,1.111986452875042e-18,0.19999999999999993,0.08449087052442311,0.0,1.1044877900741346e-16,0.19999999999999996,0.0,2.94911461898812e-17,8.601272049303095e-18,1.9466526868375172e-17,1.9767661962379476e-17,0.19999999999999996,0.19999999999999984
2021-11-30,0.0,0.0,4.738679086818213e-17,0.19999999999999996,0.0,0.0,0.19999999999999996,0.19999999999999996,0.0,3.975384968371442e-17,2.639310376322535e-17,0.0,5.3172262349687413e-17,3.7258639833316136e-17,0.0,1.0726254260904055e-17,0.19999999999999996,0.19999999999999996
2021-12-31,0.0,0.1438320314760552,0.0,0.19999999999999987,0.0,0.0,0.19999999999999996,0.19999999999999996,0.0,5.949546855981221e-17,0.056167968523945094,0.0,0.0,0.0,0.0,0.0,0.0,0.19999999999999996
2022-01-31,6.586711716801336e-17,0.0,5.986628357167504e-17,0.19999999999999996,7.274875451738544e-17,6.499129610617378e-18,0.19999999999999993,0.19999999999999996,0.0,0.0,0.19999999999999996,0.0,2.9679800222814953e-17,2.1382314310974707e-17,2.2193954059803824e-17,2.885110839413229e-17,0.0,0.19999999999999996
2022-02-28,0.19999999999999993,0.0,2.2887000896365534e-17,0.0,2.0909822859431605e-17,3.173211459864885e-17,0.19999999999999993,0.1999999999999999,0.0,1.2227625195962576e-16,0.19999999999999993,8.837355628814108e-18,9.851920234149532e-17,5.872560616624296e-17,0.0,7.272761477048308e-17,7.20533685048068e-17,0.19999999999999982
2022-03-31,0.19999999999999996,6.644515844268387e-17,0.0,0.0,0.0,0.0,0.19999999999999993,0.19999999999999993,0.0,2.2948976250464523e-17,0.1999999999999999,0.0,2.9837243786801077e-16,4.6344992802952656e-17,0.0,0.0,0.0,0.19999999999999996
2022-04-29,0.1739830638844575,1.8996543183600344e-16,2.0667439389838542e-17,7.141139703316045e-17,7.545449493037219e-18,0.19999999999999976,0.19999999999999987,0.13689474872922083,0.0,0.0,0.19999999999999987,3.890863878230054e-16,0.08912218738632151,3.914308365721043e-17,0.0,6.096655819579765e-18,0.0,3.636732939900678e-17
2022-05-31,0.2,0.0,0.0,0.0,2.261220411847082e-17,0.19999999999999993,0.2,0.05437569049510142,5.171945765718176e-17,0.0,0.2,0.14562430950489844,7.779025756099471e-17,2.791067665840718e-17,7.805292567370947e-17,0.0,0.0,4.155349681315048e-17
2022-06-30,0.0,0.0,0.0,5.2704978572834095e-17,1.1602641850653896e-17,0.1999999999999999,0.19999999999999996,0.0,2.524432568289883e-18,6.845945896670023e-17,0.19999999999999993,0.19999999999999996,0.19999999999999996,4.459439432190944e-17,0.0,3.4309462478723036e-17,9.14226162167054e-18,8.966268566790353e-18
2022-07-29,0.19999999999999982,2.0938187738893457e-16,4.75104930368488e-17,0.0,0.0,0.19999999999999976,0.19999999999999996,1.961566611870917e-17,0.0,0.0,0.19999999999999996,0.0022721550502709433,0.17171044297941293,4.2022251376643346e-17,4.630297115047112e-18,2.209326019364418e-17,5.019016738280039e-17,0.026017401970316215
2022-08-31,0.19999999999999954,1.1094991118519423e-16,1.830828086456673e-17,3.550427350364364e-17,5.158320632491289e-17,0.1999999999999994,0.19999999999999987,0.0,1.506468268954231e-16,3.1837178252501727e-17,0.19999999999999973,0.0,0.19999999999999957,1.0956264887572449e-16,1.2219825029532411e-15,7.541595691305265e-17,0.0,0.0
2022-09-30,0.06926395571767102,0.0,0.0,0.0,0.0,0.2,0.19999999999999996,1.1033723701577271e-17,0.0,5.81761008289954e-17,0.2,0.13073604428232882,0.1999999999999991,3.6298876945477774e-17,1.061881343038967e-15,0.0,0.0,6.89161566020447e-17
2022-10-31,0.0986699357822132,8.668110825035211e-17,0.0,1.994389612483299e-17,0.0,0.19999999999999982,0.20000000000000007,2.371323998807261e-17,0.0,7.341039397416779e-17,0.19999999999999998,0.20000000000000007,0.10133006421778641,7.627085205055988e-17,0.0,2.2822694211768085e-16,3.258932756779576e-17,0.0
2022-11-30,0.0,0.0,6.176345857413459e-18,0.0,1.0900337056921484e-16,0.19999999999999993,0.19999999999999982,7.492239758332998e-17,0.0,6.031240177269955e-19,0.19999999999999993,0.19999999999999993,0.1999999999999999,0.0,2.0990154059319356e-16,0.0,5.340057239488975e-17,5.217744102505428e-17
2022-12-30,0.0,0.0,0.0,0.0,3.871887090942108e-17,0.19999999999999996,0.19999999999999996,9.366336060879193e-18,0.0,1.0482248976281773e-16,0.19999999999999996,0.19999999999999987,0.19999999999999996,0.0,1.6653345369377346e-16,0.0,5.195674291557468e-17,0.0
2023-01-31,3.776626478089624e-17,2.600492194848182e-17,3.626543917056016e-18,0.0,0.0,0.19999999999999996,0.19999999999999993,1.2122186230201678e-17,4.973720902913452e-17,0.0,0.19999999999999996,0.19999999999999993,0.19999999999999993,3.2503995004325454e-17,6.938893903907227e-17,0.0,0.0,0.0
2023-02-28,0.0,1.4321449244800238e-17,0.0,0.0,0.2,0.2,0.19999999999999998,0.004753321208583843,0.0,0.0,0.2,0.1542668476656121,0.04097983112580414,1.518413201312298e-17,0.0,0.0,0.0,0.0
2023-03-31,5.47825404213624e-17,0.0,0.0,2.815458765781987e-17,0.07232208694036331,0.0,0.19999999999999996,0.09372596207545063,0.0,1.7012450202832786e-17,0.19999999999999996,0.0,0.19999999999999996,0.0,0.19999999999999984,0.0339519509841862,1.1918259639063745e-18,0.0
2023-04-28,0.0,3.0346755544109434e-17,2.8045026969876254e-17,1.4312196034745797e-17,0.19999999999999993,5.727635873403457e-17,0.19999999999999982,0.1999999999999999,0.0,6.1240265617912955e-19,0.11966576788066052,0.0,0.1553639743001244,7.30955199691213e-18,0.12497025781921518,0.0,5.834747151947416e-17,1.9276262633173945e-17
2023-05-31,0.1481324323044373,2.7766433262368134e-17,1.1800720293851329e-16,4.0703588040296826e-17,0.0,3.000602808929662e-17,0.1999999999999998,0.19999999999999982,1.8349852281275475e-16,5.153756589411281e-17,6.67607486951665e-17,0.0,0.19999999999999976,2.4581589380691968e-17,0.14307297024757376,2.940628904825246e-17,8.997665122998598e-17,0.10879459744798878
2023-06-30,0.13432226803165367,5.4896162660465115e-17,4.256528516319952e-17,0.0,0.15645612095092534,1.1884145345744941e-17,0.2,0.19999999999999998,0.0,0.0,2.496406930498101e-17,1.8259712953151412e-17,1.446652114813061e-16,0.0,3.524330319452046e-18,3.3550193925706404e-17,0.10922161101742073,0.2
2023-07-31,0.12583769486320115,4.99158473675423e-18,3.788577999711858e-17,0.0,0.1999999999999999,2.0442711788976673e-16,0.0074495801212809305,0.2,0.0,0.0,0.0918241721072887,3.924071293193093e-17,0.17488855290822908,0.0,1.510573225035506e-17,5.612321235614468e-17,0.1999999999999998,3.9050662537035336e-17
2023-08-31,0.0,0.0,0.0,0.0,0.19999999999999993,0.0,0.1879879350742044,0.19999999999999993,0.19455450389087492,0.0,0.0,0.0,0.017457561034920906,0.0,4.7060371063297395e-17,0.0,0.19999999999999993,0.0
2023-09-29,0.0,8.041274148878463e-17,0.0,0.03432713843875214,0.19999999999999998,4.0905249164562566e-17,0.19999999999999998,0.2,0.1656728615612476,1.4519195712599567e-17,5.495162514181482e-17,0.0,9.615343322561977e-18,5.0880349401730674e-17,4.4963122116406635e-17,0.0,0.2,1.0202820752645524e-16
2023-10-31,6.321287511734074e-17,0.19999999999999998,0.04909313284497347,0.15090686715502613,7.268556574323859e-17,2.704733197408785e-17,1.8032412269592435e-17,0.2,2.3412993330852645e-16,2.1761061541863455e-17,1.080188142906784e-16,0.0,0.19999999999999968,6.864507558499191e-17,5.76552040455168e-17,1.487658141674478e-17,0.20000000000000004,1.1992515508948204e-16
2023-11-30,0.0,0.19999999999999996,0.19999999999999996,2.6475893908815197e-17,0.0,0.0,3.942274330503783e-17,0.19999999999999996,2.0816681711721682e-17,0.0,2.138233587175474e-17,3.784648354747808e-18,0.0,0.0,2.646768065877244e-18,3.6067254536118857e-17,0.19999999999999993,0.19999999999999996
2023-12-29,4.118677353921377e-16,0.12041168171407073,0.1999999999999999,0.07958831828592886,5.969374817670102e-17,0.0,0.0,0.19999999999999996,1.6607023550342045e-16,0.0,0.0,0.0,0.0,0.0,0.0,0.0,0.19999999999999996,0.19999999999999996
2024-01-31,1.1965526639641813e-16,0.19999999999999987,0.17304856859496823,0.0,1.4963046852271245e-16,0.0,0.0,0.2,0.19999999999999993,1.761832665775598e-18,0.0,5.494194922618959e-17,1.1973658155935454e-16,1.5504095202029365e-17,0.0,0.0,0.19999999999999987,0.026951431405031756
2024-02-29,0.0,0.19999999999999996,0.19999999999999996,0.0,0.0,2.4026773252766627e-18,0.0,0.19999999999999996,9.194034422677075e-17,3.814822717646759e-17,2.4563144238424295e-17,8.066331869879651e-17,0.0,8.885023955556021e-18,0.0,5.012741875196049e-17,0.19999999999999996,0.19999999999999993
2024-03-28,6.314171180084551e-17,0.0,0.19999999999999993,1.25049224549241e-16,0.19999999999999993,3.710580890951328e-17,5.3791866408818677e-17,0.19999999999999993,3.940553783365727e-17,0.0,0.0,3.668226892264618e-17,0.0,0.0,0.0,0.0,0.1999999999999999,0.19999999999999993
2024-04-30,0.0,0.0,0.19999999999999996,0.10915360874283907,0.1999999999999998,1.8356110023567674e-17,1.9064709375059758e-17,0.19999999999999996,0.0,0.0,1.2566886919853501e-18,2.9458055474142124e-17,0.0,0.0,1.6989730490558826e-17,0.0,0.1999999999999999,0.09084639125716124
2024-05-31,0.0,0.0,0.13675846461677948,0.039285533502938445,0.19999999999999996,2.043825361369722e-17,1.0513974837973452e-17,0.1999999999999999,0.0,0.02395600188028213,0.0,1.1352091782692123e-18,0.0,2.7119993808854424e-17,3.9089600244344675e-17,6.611168609402648e-17,0.1999999999999999,0.19999999999999996
2024-06-28,0.0,0.0,0.0426242161031776,0.19999999999999984,0.19999999999999993,0.0,4.245174412708026e-17,0.19999999999999984,4.255645371413612e-18,3.757126542452324e-17,4.0717020651103456e-17,0.0,8.712087363348303e-17,2.4237147629323798e-17,0.0,0.0,0.19999999999999993,0.15737578389682247
2024-07-31,1.907852415839747e-17,2.65315685099962e-18,0.18836545200510313,1.0466485473756326e-18,0.19999999999999998,7.779751318571323e-18,5.619999546462073e-18,0.19999999999999998,2.2617646878452107e-17,0.01163454799489682,9.398994707630804e-18,3.289988604957201e-17,0.0,9.028653029812026e-18,8.383381434329872e-18,2.7334499436872394e-17,0.2,0.19999999999999998
2024-08-30,0.0,1.4753989603303561e-16,0.0,0.0,0.2,0.0,0.0,0.2,6.068974400469908e-18,0.2,0.0,8.00307643415118e-18,0.1665396375143883,0.0,0.0,0.0,0.2,0.03346036248561167
2024-09-30,0.005168031142589245,0.0,0.0,0.0,0.2,0.0,0.0,0.2,0.0,0.19183922195472336,0.0,6.591611691420865e-17,0.2,0.0,2.3024498009262463e-18,0.0,0.2,0.0029927469026873213
2024-10-31,1.2697067784636856e-16,0.0,0.0,2.0469737016526314e-16,0.19999999999999993,0.0,0.0,0.19999999999999993,0.0,0.19999999999999993,4.0176153397515823e-17,0.0,0.19999999999999993,0.0,3.9408507644593674e-17,1.4289980842640842e-17,0.19999999999999982,0.0
2024-11-29,0.0,0.0,7.922915740225866e-18,4.2292124608016346e-17,0.1999999999999999,0.0,0.0,0.19999999999999996,1.7964986190965094e-17,0.19999999999999996,0.0,2.2295018617329074e-17,0.06512413625924697,5.605081424630344e-18,0.0,2.0729595546613907e-18,0.19999999999999993,0.13487586374075314
2024-12-31,0.10828975255754489,0.0,0.08547396950154412,0.0,0.19999999999999982,0.0,8.72925368889731e-18,0.2,0.0,6.708667100375971e-17,0.0,2.1861652503127982e-17,0.16155939241865985,2.10180076876627e-17,3.625104821108404e-17,4.011940700862066e-17,0.19999999999999998,0.04467688552225119
2025-01-31,2.3542819702415785e-17,6.371767795676626e-18,0.12591692309372685,0.07031698954401175,0.19999999999999976,5.756961700277348e-17,1.412021494041692e-17,0.19999999999999987,3.319221903753677e-17,0.0,2.794379263960709e-17,0.0,0.19999999999999987,1.3256451590959573e-17,6.753072446248404e-17,3.8514763821340754e-17,0.19999999999999982,0.0037660873622617328
2025-02-28,0.19999999999999993,8.585741477425826e-17,0.0,0.0,0.19999999999999993,0.0,6.164014969649513e-18,0.1318931012894832,5.302451591798139e-17,0.0906922617327838,0.0,0.0,0.19999999999999993,5.136188614765503e-19,0.0,0.0,0.17741463697773316,5.421206672939793e-17
2025-03-31,0.19999999999999984,0.0,6.36952881675914e-17,3.192586757919809e-17,0.19999999999999993,0.10026171746948032,8.117007014861466e-17,0.03027623173023836,3.592825029524829e-17,0.1999999999999999,2.5644300371465028e-17,1.7329140829475394e-17,0.19999999999999993,0.0,0.0,0.0,0.06946205080028153,0.0
2025-04-30,0.05093684250928949,9.837845663408218e-18,9.51391587679338e-17,0.0,0.19999999999999996,0.13789154633270442,5.017906964674034e-17,0.01117161115800636,3.8507048360763e-18,0.0,2.2634669543134194e-17,0.0,0.19999999999999984,0.0,0.19999999999999996,0.0,0.19999999999999987,4.7938874089551946e-17
2025-05-30,9.36015712484678e-17,2.7155553014768688e-17,0.0,7.9304277450502e-17,0.1999999999999999,0.1002410030642212,1.3204858743490177e-16,0.0,1.1267314277756657e-16,0.16314992344524723,5.980949402395708e-17,9.777833202354082e-17,0.19999999999999962,1.456636902100747e-17,0.13660907349053156,1.259217938120313e-16,0.19999999999999965,6.610860831764109e-17
2025-06-30,0.0,1.481695888631993e-16,0.0,0.0,0.2,0.021762235555302392,0.0,9.380697912131159e-05,0.0,0.2,0.0,0.0,0.2,0.0,0.17814395746557618,0.0,0.2,0.0
2025-07-31,8.964202981034198e-17,0.0935002769281676,0.0,8.356372138084512e-17,0.19999999999999993,0.12608449181870343,9.020445968731884e-17,0.14336326620457676,5.845766482422767e-17,0.0,8.481868252292915e-19,1.9907501328789963e-17,0.19999999999999973,1.1018088471536425e-16,4.560309281669641e-17,0.0,0.1999999999999998,0.0370519650485522
2025-08-29,0.0,0.0,3.1136919652522406e-17,4.55814070068597e-17,0.19999999999999996,0.13809725386356414,0.0,0.06190274613643592,2.047509921690146e-17,0.0,0.0,0.0,0.19999999999999996,0.0,6.763009130611991e-17,0.0,0.19999999999999996,0.19999999999999996
2025-09-30,3.8110606825649657e-17,5.4388519841567895e-18,2.928779596474055e-17,0.14259690696078958,0.19999999999999973,0.06480300320440248,3.580328907732894e-17,0.04281020593804058,2.5172486390505532e-17,5.9267429617752665e-18,5.2361089130256e-17,2.5740537663947855e-17,0.19999999999999996,1.456309089198011e-17,0.0,0.0,0.19999999999999993,0.14978988389676742
2025-10-31,9.2744460012383e-18,1.1219149019147753e-16,0.0,0.19999999999999996,0.1987325472384199,0.09236377603692582,4.125502195777166e-17,0.007819117900943176,1.5967185918774718e-17,0.0,0.0,0.0,0.19999999999999996,1.0462855211317972e-17,3.1165187475160323e-17,3.964418439982982e-18,0.19999999999999993,0.10108455882371095
2025-11-28,0.0,0.0,0.0,0.19999999999999987,0.19999999999999987,0.19999999999999987,0.0,0.10555199061647672,0.0,0.0,0.0,0.0,0.19999999999999987,0.0,0.09444800938352364,0.0,0.0,0.0
2025-12-31,0.0,0.0,0.0,0.19999999999999987,0.19999999999999987,0.19999999999999987,1.4832865580372848e-18,0.19999999999999987,6.002143226879749e-16,0.0,0.0,2.3844277869334685e-17,0.19999999999999987,0.0,0.0,0.0,0.0,2.377143431990462e-17
2026-01-30,0.0,2.436844176641038e-17,0.0,0.2,3.918885769177752e-18,0.2,0.2,0.2,0.0,0.0,0.0,0.0,0.2,0.0,4.1861190592645436e-17,1.02751533149055e-17,4.530271291110596e-17,0.0
2026-02-27,0.0,0.0,5.078509447458048e-17,0.19999999999999996,0.0,0.19999999999999996,0.19999999999999996,0.19999999999999996,5.103027216248193e-17,0.0,0.0,5.727954925285678e-17,0.19999999999999993,0.0,0.0,0.0,0.0,8.285330188647079e-17
2026-03-31,7.437614498233134e-17,4.4652987339973526e-17,3.515692782056532e-17,0.19999999999999996,0.0,0.19999999999999996,0.1999999999999998,0.19999999999999996,0.0,4.936491441741117e-17,0.0,9.73695455981433e-19,0.19999999999999996,5.144771651470836e-17,0.0,6.118435152093668e-17,5.592187057347399e-17,0.0
2026-04-30,0.0,0.0,4.2634165417979453e-16,0.19999999999999993,0.0,0.19999999999999993,0.1644928962306713,0.19999999999999993,0.03550710376932849,0.0,0.19999999999999993,0.0,1.722683938808023e-17,0.0,5.027596537017442e-17,0.0,0.0,0.0
2026-05-29,0.2,2.4471886633181835e-17,0.0,0.19999999999999993,0.0,0.17824201358760453,0.19316094454824073,0.028597041864154852,0.19999999999999996,2.2136015686935827e-17,0.0,2.562881163633239e-17,0.0,0.0,0.0,2.0112186457238868e-17,8.463804972981707e-18,5.552019859424679e-17
2026-06-30,0.19999999999999996,2.8066120121381215e-17,0.0,0.19999999999999987,0.0,0.1999999999999999,0.19999999999999996,9.943797114034264e-17,0.1999999999999999,1.1135688326613764e-17,1.7694179454963427e-16,0.0,0.0,0.0,0.0,1.0137594885581115e-17,1.0236019492372877e-17,8.394447776407886e-18
